1,10,"ORD_1",2015-05-30,4276493,300
2,48,"ORD_2",2015-02-05,9508838,299
4,38,"ORD_4",2015-05-06,1658711,297
5,8,"ORD_5",2015-05-28,9740129,296
6,16,"ORD_6",2015-04-26,9452912,295
7,25,"ORD_7",2015-06-04,5074397,294
8,32,"ORD_8",2015-03-17,7545346,293
9,20,"ORD_9",2015-02-17,9954409,292
10,33,"ORD_10",2015-05-04,9369898,291
11,39,"ORD_11",2015-01-30,5459929,290
12,46,"ORD_12",2015-05-29,1404167,289
13,36,"ORD_13",2015-04-24,4352703,288
15,26,"ORD_15",2015-06-14,3266363,286
16,45,"ORD_16",2015-02-27,4688593,285
17,21,"ORD_17",2015-06-20,8031021,284
18,19,"ORD_18",2015-04-01,399626,283
19,12,"ORD_19",2015-03-08,8262338,282
20,31,"ORD_20",2015-06-12,472060,281
21,49,"ORD_21",2015-05-25,7085674,280
22,25,"ORD_22",2015-04-17,8919013,279
23,5,"ORD_23",2015-05-26,7027480,278
24,38,"ORD_24",2015-02-07,8933684,277
25,30,"ORD_25",2015-03-13,4878363,276
26,44,"ORD_26",2015-01-15,1944740,275
28,5,"ORD_28",2015-01-27,4775118,273
29,13,"ORD_29",2015-05-14,2986062,272
30,3,"ORD_30",2015-03-25,2543942,271
31,13,"ORD_31",2015-04-16,8322786,270
32,5,"ORD_32",2015-05-15,2384783,269
33,26,"ORD_33",2015-03-08,3958270,268
34,20,"ORD_34",2015-05-27,1611403,267
35,5,"ORD_35",2015-02-01,9033124,266
36,16,"ORD_36",2015-05-20,1422901,265
37,30,"ORD_37",2015-05-09,9139586,264
38,19,"ORD_38",2015-03-16,7893009,263
39,12,"ORD_39",2015-01-07,6733083,262
40,38,"ORD_40",2015-03-13,8787987,261
46,42,"ORD_46",2015-04-20,6732935,255
47,1,"ORD_47",2015-06-29,9340700,254
48,21,"ORD_48",2015-01-25,9543419,253
49,49,"ORD_49",2015-03-03,8687493,252
50,50,"ORD_50",2015-02-06,6141250,251
51,32,"ORD_51",2015-01-06,4966796,250
52,22,"ORD_52",2015-02-13,2668824,249
54,39,"ORD_54",2015-02-08,6624489,247
55,20,"ORD_55",2015-06-30,3656623,246
56,17,"ORD_56",2015-05-16,5559134,245
57,32,"ORD_57",2015-03-14,9941147,244
58,34,"ORD_58",2015-06-19,6721870,243
60,13,"ORD_60",2015-01-09,2990865,241
61,34,"ORD_61",2015-06-16,5421587,240
62,14,"ORD_62",2015-04-14,8295171,239
64,29,"ORD_64",2015-06-07,776188,237
65,35,"ORD_65",2015-01-07,3325246,236
66,26,"ORD_66",2015-06-16,8786579,235
67,41,"ORD_67",2015-02-26,6824030,234
68,34,"ORD_68",2015-01-20,3030152,233
69,13,"ORD_69",2015-04-18,5250297,232
70,31,"ORD_70",2015-06-21,3740269,231
71,44,"ORD_71",2015-06-02,6951618,230
72,1,"ORD_72",2015-01-16,7543736,229
74,9,"ORD_74",2015-06-10,4756205,227
76,8,"ORD_76",2015-06-23,8427125,225
77,17,"ORD_77",2015-05-20,6040006,224
78,11,"ORD_78",2015-06-14,5364780,223
80,35,"ORD_80",2015-01-18,4760344,221
81,45,"ORD_81",2015-01-30,4230893,220
82,11,"ORD_82",2015-06-30,4414418,219
83,43,"ORD_83",2015-03-24,9868718,218
89,27,"ORD_89",2015-05-26,4722471,212
90,31,"ORD_90",2015-06-28,1795829,211
91,1,"ORD_91",2015-05-17,8715877,210
92,21,"ORD_92",2015-02-04,6389006,209
93,14,"ORD_93",2015-04-15,4041252,208
94,31,"ORD_94",2015-06-25,9900324,207
95,50,"ORD_95",2015-06-16,9600362,206
96,24,"ORD_96",2015-04-05,3205249,205
97,21,"ORD_97",2015-01-18,883692,204
98,29,"ORD_98",2015-05-21,427190,203
99,15,"ORD_99",2015-06-13,2734234,202
100,18,"ORD_100",2015-03-01,5412952,201
101,4,"ORD_101",2015-01-04,330613,200
102,49,"ORD_102",2015-06-27,4759520,199
103,4,"ORD_103",2015-02-16,1225066,198
110,15,"ORD_110",2015-01-19,186879,191
111,33,"ORD_111",2015-01-11,3372385,190
112,36,"ORD_112",2015-01-25,7756577,189
113,38,"ORD_113",2015-02-06,2816436,188
114,36,"ORD_114",2015-03-28,3854693,187
116,34,"ORD_116",2015-04-22,2455675,185
117,14,"ORD_117",2015-05-10,5787005,184
119,28,"ORD_119",2015-02-28,7070956,182
120,40,"ORD_120",2015-01-19,3536348,181
121,50,"ORD_121",2015-06-20,1968182,180
122,47,"ORD_122",2015-02-03,9874129,179
123,39,"ORD_123",2015-05-06,6423836,178
124,24,"ORD_124",2015-02-24,286464,177
125,35,"ORD_125",2015-02-14,4093167,176
126,8,"ORD_126",2015-06-20,6040230,175
127,20,"ORD_127",2015-04-09,1671650,174
128,42,"ORD_128",2015-04-12,7752072,173
129,18,"ORD_129",2015-04-19,6850899,172
130,33,"ORD_130",2015-01-08,7383118,171
131,34,"ORD_131",2015-04-19,7930843,170
132,45,"ORD_132",2015-02-25,9511606,169
133,6,"ORD_133",2015-01-16,2212965,168
134,37,"ORD_134",2015-05-12,3162381,167
135,26,"ORD_135",2015-02-07,6257222,166
136,33,"ORD_136",2015-03-01,2786663,165
137,13,"ORD_137",2015-02-24,7358195,164
138,36,"ORD_138",2015-04-19,5592492,163
139,1,"ORD_139",2015-02-15,5755024,162
140,25,"ORD_140",2015-05-15,7845190,161
141,11,"ORD_141",2015-02-08,2726745,160
142,39,"ORD_142",2015-06-20,4354754,159
143,8,"ORD_143",2015-03-15,7549476,158
144,2,"ORD_144",2015-05-02,9077739,157
145,6,"ORD_145",2015-06-02,1222644,156
146,50,"ORD_146",2015-06-17,2394241,155
147,7,"ORD_147",2015-02-19,5498267,154
148,36,"ORD_148",2015-03-26,7771288,153
149,13,"ORD_149",2015-06-19,8093761,152
150,17,"ORD_150",2015-06-27,2869610,151
151,4,"ORD_151",2015-03-28,5125373,150
152,9,"ORD_152",2015-01-17,6353267,149
153,29,"ORD_153",2015-01-30,3546798,148
154,35,"ORD_154",2015-05-02,4549458,147
155,7,"ORD_155",2015-01-28,5614285,146
156,27,"ORD_156",2015-04-22,882749,145
157,7,"ORD_157",2015-03-15,4076374,144
158,42,"ORD_158",2015-06-03,5523949,143
159,4,"ORD_159",2015-02-05,4215801,142
160,27,"ORD_160",2015-06-23,2783961,141
162,1,"ORD_162",2015-01-24,6161568,139
163,34,"ORD_163",2015-02-26,1563959,138
164,41,"ORD_164",2015-01-27,3918161,137
166,47,"ORD_166",2015-04-16,6212798,135
167,30,"ORD_167",2015-06-29,3116453,134
168,37,"ORD_168",2015-03-29,3157240,133
169,2,"ORD_169",2015-02-14,1300010,132
170,29,"ORD_170",2015-06-30,3942898,131
172,43,"ORD_172",2015-04-22,4277619,129
173,30,"ORD_173",2015-03-21,4296647,128
174,26,"ORD_174",2015-04-13,3784405,127
175,37,"ORD_175",2015-02-02,6768536,126
176,2,"ORD_176",2015-04-06,5199766,125
177,25,"ORD_177",2015-03-21,5701352,124
178,23,"ORD_178",2015-04-09,5424708,123
179,44,"ORD_179",2015-03-24,9455820,122
180,14,"ORD_180",2015-02-09,2677894,121
181,19,"ORD_181",2015-01-26,6210936,120
182,2,"ORD_182",2015-03-02,1015417,119
183,40,"ORD_183",2015-02-02,6335353,118
184,25,"ORD_184",2015-04-20,4624329,117
185,49,"ORD_185",2015-06-16,2293052,116
186,11,"ORD_186",2015-02-09,7961983,115
187,42,"ORD_187",2015-04-07,5473932,114
188,22,"ORD_188",2015-02-04,6370571,113
189,15,"ORD_189",2015-03-20,4311188,112
190,4,"ORD_190",2015-02-25,1685770,111
191,26,"ORD_191",2015-05-08,1392481,110
192,5,"ORD_192",2015-01-19,2411084,109
193,24,"ORD_193",2015-05-05,645258,108
195,44,"ORD_195",2015-01-26,8881154,106
196,36,"ORD_196",2015-01-31,2224294,105
197,36,"ORD_197",2015-05-08,982573,104
198,26,"ORD_198",2015-04-02,7683872,103
200,22,"ORD_200",2015-01-11,5537753,101
201,25,"ORD_201",2015-01-09,212501,100
203,15,"ORD_203",2015-03-06,6644304,98
204,39,"ORD_204",2015-05-19,8620274,97
205,18,"ORD_205",2015-01-26,7342966,96
207,33,"ORD_207",2015-06-11,2246529,94
208,24,"ORD_208",2015-02-14,7554181,93
209,46,"ORD_209",2015-03-11,5108133,92
210,15,"ORD_210",2015-01-30,2852834,91
211,24,"ORD_211",2015-01-10,1408258,90
213,38,"ORD_213",2015-02-11,2837863,88
214,22,"ORD_214",2015-05-03,9873043,87
215,46,"ORD_215",2015-06-27,7103534,86
216,7,"ORD_216",2015-05-09,4562294,85
218,26,"ORD_218",2015-03-31,2764282,83
219,2,"ORD_219",2015-01-09,6689543,82
220,37,"ORD_220",2015-04-30,9107916,81
221,26,"ORD_221",2015-03-03,1404488,80
222,2,"ORD_222",2015-05-14,2270491,79
224,28,"ORD_224",2015-04-08,9642223,77
225,26,"ORD_225",2015-02-27,9005710,76
226,38,"ORD_226",2015-06-05,254158,75
227,8,"ORD_227",2015-04-02,989277,74
228,32,"ORD_228",2015-06-18,8169911,73
230,19,"ORD_230",2015-02-09,485066,71
231,39,"ORD_231",2015-05-18,1806592,70
232,20,"ORD_232",2015-03-28,9686899,69
233,6,"ORD_233",2015-02-10,6532420,68
234,5,"ORD_234",2015-06-15,6791188,67
235,34,"ORD_235",2015-01-08,9293591,66
236,47,"ORD_236",2015-03-09,6559287,65
237,49,"ORD_237",2015-02-25,3408519,64
238,4,"ORD_238",2015-05-04,3965849,63
239,3,"ORD_239",2015-03-17,1318099,62
241,22,"ORD_241",2015-06-02,9175335,60
242,30,"ORD_242",2015-02-04,4966343,59
244,26,"ORD_244",2015-05-23,9452679,57
246,31,"ORD_246",2015-05-10,482800,55
247,12,"ORD_247",2015-01-07,3636679,54
249,19,"ORD_249",2015-04-14,1224800,52
250,39,"ORD_250",2015-05-22,9708677,51
252,20,"ORD_252",2015-05-27,3253924,49
253,20,"ORD_253",2015-01-31,5636260,48
254,9,"ORD_254",2015-04-03,9109685,47
255,36,"ORD_255",2015-05-28,9040524,46
256,24,"ORD_256",2015-01-14,6545847,45
257,15,"ORD_257",2015-06-24,6340226,44
258,14,"ORD_258",2015-02-27,9734158,43
260,38,"ORD_260",2015-04-29,9859147,41
261,30,"ORD_261",2015-05-25,8262672,40
262,39,"ORD_262",2015-03-31,9160233,39
263,43,"ORD_263",2015-05-08,3754484,38
265,14,"ORD_265",2015-03-28,8881156,36
266,24,"ORD_266",2015-02-02,6942022,35
267,47,"ORD_267",2015-06-09,7503164,34
268,4,"ORD_268",2015-05-30,9281007,33
269,47,"ORD_269",2015-02-16,8707153,32
270,23,"ORD_270",2015-03-01,5554397,31
271,8,"ORD_271",2015-02-21,6324722,30
272,35,"ORD_272",2015-03-03,2987745,29
274,7,"ORD_274",2015-01-14,134651,27
275,3,"ORD_275",2015-06-29,6977860,26
276,49,"ORD_276",2015-04-19,1987614,25
277,43,"ORD_277",2015-02-14,5238561,24
278,9,"ORD_278",2015-06-17,709853,23
280,12,"ORD_280",2015-01-24,9789051,21
281,45,"ORD_281",2015-02-23,5055836,20
282,3,"ORD_282",2015-01-03,1320548,19
283,41,"ORD_283",2015-06-11,2066377,18
284,5,"ORD_284",2015-04-21,9953541,17
285,42,"ORD_285",2015-01-11,7766415,16
286,4,"ORD_286",2015-02-15,2737632,15
288,38,"ORD_288",2015-01-24,9971046,13
289,43,"ORD_289",2015-04-29,4392841,12
290,19,"ORD_290",2015-04-22,2058454,11
291,36,"ORD_291",2015-01-08,9625935,10
292,21,"ORD_292",2015-05-13,6549394,9
293,15,"ORD_293",2015-05-11,7591409,8
294,25,"ORD_294",2015-04-29,6688428,7
295,18,"ORD_295",2015-02-06,2025094,6
296,41,"ORD_296",2015-06-13,145707,5
297,33,"ORD_297",2015-01-01,7941840,4
298,21,"ORD_298",2015-01-13,1879205,3
299,42,"ORD_299",2015-06-10,7536487,2
300,14,"ORD_300",2015-03-20,6695006,1
