SET @OLD_UNIQUE_CHECKS=@@UNIQUE_CHECKS, UNIQUE_CHECKS=0;
SET @OLD_FOREIGN_KEY_CHECKS=@@FOREIGN_KEY_CHECKS, FOREIGN_KEY_CHECKS=0;
SET @OLD_SQL_MODE=@@SQL_MODE, SQL_MODE='TRADITIONAL,ALLOW_INVALID_DATES';

CREATE SCHEMA IF NOT EXISTS `store` DEFAULT CHARACTER SET utf8 ;
USE `store` ;

-- -----------------------------------------------------
-- Table `store`.`good`
-- -----------------------------------------------------
CREATE TABLE IF NOT EXISTS `store`.`good` (
  `id` INT NOT NULL,
  `name` VARCHAR(255) NULL,
  `price` DECIMAL(16,2) NULL,
  PRIMARY KEY (`id`))
ENGINE = InnoDB
DEFAULT CHARACTER SET = utf8
COLLATE = utf8_general_ci;


-- -----------------------------------------------------
-- Table `store`.`category`
-- -----------------------------------------------------
CREATE TABLE IF NOT EXISTS `store`.`category` (
  `id` INT NOT NULL,
  `name` VARCHAR(255) NULL,
  PRIMARY KEY (`id`))
ENGINE = InnoDB
DEFAULT CHARACTER SET = utf8
COLLATE = utf8_general_ci;


-- -----------------------------------------------------
-- Table `store`.`category_has_good`
-- -----------------------------------------------------
CREATE TABLE IF NOT EXISTS `store`.`category_has_good` (
  `category_id` INT NOT NULL,
  `good_id` INT NOT NULL,
  PRIMARY KEY (`category_id`, `good_id`),
  INDEX `fk_category_has_good_good1_idx` (`good_id` ASC),
  INDEX `fk_category_has_good_category_idx` (`category_id` ASC),
  CONSTRAINT `fk_category_has_good_category`
    FOREIGN KEY (`category_id`)
    REFERENCES `store`.`category` (`id`)
    ON DELETE NO ACTION
    ON UPDATE NO ACTION,
  CONSTRAINT `fk_category_has_good_good1`
    FOREIGN KEY (`good_id`)
    REFERENCES `store`.`good` (`id`)
    ON DELETE NO ACTION
    ON UPDATE NO ACTION)
ENGINE = InnoDB
DEFAULT CHARACTER SET = utf8
COLLATE = utf8_general_ci;


-- -----------------------------------------------------
-- Table `store`.`status`
-- -----------------------------------------------------
CREATE TABLE IF NOT EXISTS `store`.`status` (
  `id` INT NOT NULL,
  `name` VARCHAR(255) NULL,
  PRIMARY KEY (`id`))
ENGINE = InnoDB
DEFAULT CHARACTER SET = utf8
COLLATE = utf8_general_ci;


-- -----------------------------------------------------
-- Table `store`.`source`
-- -----------------------------------------------------
CREATE TABLE IF NOT EXISTS `store`.`source` (
  `id` INT NOT NULL,
  `name` VARCHAR(255) NULL,
  PRIMARY KEY (`id`))
ENGINE = InnoDB;


-- -----------------------------------------------------
-- Table `store`.`client`
-- -----------------------------------------------------
CREATE TABLE IF NOT EXISTS `store`.`client` (
  `id` INT NOT NULL,
  `code` VARCHAR(45) NULL,
  `first_name` VARCHAR(45) NOT NULL,
  `last_name` VARCHAR(45) NULL,
  `source_id` INT NOT NULL,
  PRIMARY KEY (`id`),
  INDEX `fk_client_source1_idx` (`source_id` ASC),
  CONSTRAINT `fk_client_source1`
    FOREIGN KEY (`source_id`)
    REFERENCES `store`.`source` (`id`)
    ON DELETE NO ACTION
    ON UPDATE NO ACTION)
ENGINE = InnoDB;


-- -----------------------------------------------------
-- Table `store`.`sale`
-- -----------------------------------------------------
CREATE TABLE IF NOT EXISTS `store`.`sale` (
  `id` INT NOT NULL,
  `client_id` INT NOT NULL,
  `number` VARCHAR(255) NULL,
  `dt_created` DATETIME NOT NULL,
  `dt_modified` DATETIME NOT NULL,
  `sale_sum` DECIMAL(18,2) NULL,
  `status_id` INT NOT NULL,
  PRIMARY KEY (`id`),
  UNIQUE INDEX `number_UNIQUE` (`number` ASC),
  INDEX `fk_order_status1_idx` (`status_id` ASC),
  INDEX `fk_order_client1_idx` (`client_id` ASC),
  CONSTRAINT `fk_order_status1`
    FOREIGN KEY (`status_id`)
    REFERENCES `store`.`status` (`id`)
    ON DELETE NO ACTION
    ON UPDATE NO ACTION,
  CONSTRAINT `fk_order_client1`
    FOREIGN KEY (`client_id`)
    REFERENCES `store`.`client` (`id`)
    ON DELETE NO ACTION
    ON UPDATE NO ACTION)
ENGINE = InnoDB
DEFAULT CHARACTER SET = utf8
COLLATE = utf8_general_ci;


-- -----------------------------------------------------
-- Table `store`.`sale_has_good`
-- -----------------------------------------------------
CREATE TABLE IF NOT EXISTS `store`.`sale_has_good` (
  `sale_id` INT NOT NULL,
  `good_id` INT NOT NULL,
  PRIMARY KEY (`sale_id`, `good_id`),
  INDEX `fk_order_has_good_good1_idx` (`good_id` ASC),
  INDEX `fk_order_has_good_sale1_idx` (`sale_id` ASC),
  CONSTRAINT `fk_order_has_good_sale1`
    FOREIGN KEY (`sale_id`)
    REFERENCES `store`.`sale` (`id`)
    ON DELETE NO ACTION
    ON UPDATE NO ACTION,
  CONSTRAINT `fk_order_has_good_good1`
    FOREIGN KEY (`good_id`)
    REFERENCES `store`.`good` (`id`)
    ON DELETE NO ACTION
    ON UPDATE NO ACTION)
ENGINE = InnoDB
DEFAULT CHARACTER SET = utf8
COLLATE = utf8_general_ci;


-- -----------------------------------------------------
-- Table `store`.`sale_history`
-- -----------------------------------------------------
CREATE TABLE IF NOT EXISTS `store`.`sale_history` (
  `id` INT NOT NULL,
  `sale_id` INT NOT NULL,
  `status_id` INT NOT NULL,
  `sale_sum` DECIMAL(18,2) NULL,
  `active_from` DATETIME NOT NULL,
  `active_to` DATETIME NOT NULL,
  PRIMARY KEY (`id`),
  INDEX `fk_order_history_sale1_idx` (`sale_id` ASC),
  INDEX `fk_order_history_status1_idx` (`status_id` ASC),
  CONSTRAINT `fk_order_history_sale1`
    FOREIGN KEY (`sale_id`)
    REFERENCES `store`.`sale` (`id`)
    ON DELETE NO ACTION
    ON UPDATE NO ACTION,
  CONSTRAINT `fk_order_history_status1`
    FOREIGN KEY (`status_id`)
    REFERENCES `store`.`status` (`id`)
    ON DELETE NO ACTION
    ON UPDATE NO ACTION)
ENGINE = InnoDB;


SET SQL_MODE=@OLD_SQL_MODE;
SET FOREIGN_KEY_CHECKS=@OLD_FOREIGN_KEY_CHECKS;
SET UNIQUE_CHECKS=@OLD_UNIQUE_CHECKS;

-- -----------------------------------------------------
-- Data for table `store`.`good`
-- -----------------------------------------------------
START TRANSACTION;
USE `store`;
INSERT INTO `store`.`good` (`id`, `name`, `price`) VALUES (1, 'Trust-Dax', 165.00);
INSERT INTO `store`.`good` (`id`, `name`, `price`) VALUES (2, 'Statcom', 516.00);
INSERT INTO `store`.`good` (`id`, `name`, `price`) VALUES (3, 'Konksing', 857.00);
INSERT INTO `store`.`good` (`id`, `name`, `price`) VALUES (4, 'Sancof', 960.00);
INSERT INTO `store`.`good` (`id`, `name`, `price`) VALUES (5, 'Geo-Ity', 250.00);
INSERT INTO `store`.`good` (`id`, `name`, `price`) VALUES (6, 'Faxtom', 944.00);
INSERT INTO `store`.`good` (`id`, `name`, `price`) VALUES (7, 'K-ing', 881.00);
INSERT INTO `store`.`good` (`id`, `name`, `price`) VALUES (8, 'Re Hattip', 295.00);
INSERT INTO `store`.`good` (`id`, `name`, `price`) VALUES (9, 'Transtraxing', 394.00);
INSERT INTO `store`.`good` (`id`, `name`, `price`) VALUES (10, 'Sailjob', 438.00);
INSERT INTO `store`.`good` (`id`, `name`, `price`) VALUES (11, 'Hot Ex', 221.00);
INSERT INTO `store`.`good` (`id`, `name`, `price`) VALUES (12, 'Volt Fan', 770.00);
INSERT INTO `store`.`good` (`id`, `name`, `price`) VALUES (13, 'Zaam Warm', 548.00);
INSERT INTO `store`.`good` (`id`, `name`, `price`) VALUES (14, 'Saoplus', 705.00);
INSERT INTO `store`.`good` (`id`, `name`, `price`) VALUES (15, 'Bio Hotin', 710.00);
INSERT INTO `store`.`good` (`id`, `name`, `price`) VALUES (16, 'S--Tip', 707.00);
INSERT INTO `store`.`good` (`id`, `name`, `price`) VALUES (17, 'Saltsoft', 310.00);
INSERT INTO `store`.`good` (`id`, `name`, `price`) VALUES (18, 'Rankeco', 141.00);
INSERT INTO `store`.`good` (`id`, `name`, `price`) VALUES (19, 'Zenron', 233.00);
INSERT INTO `store`.`good` (`id`, `name`, `price`) VALUES (20, 'Pluswarm', 881.00);
INSERT INTO `store`.`good` (`id`, `name`, `price`) VALUES (21, 'Lam Zumtrax', 123.00);
INSERT INTO `store`.`good` (`id`, `name`, `price`) VALUES (22, 'Bigwarm', 146.00);
INSERT INTO `store`.`good` (`id`, `name`, `price`) VALUES (23, 'Homelex', 501.00);
INSERT INTO `store`.`good` (`id`, `name`, `price`) VALUES (24, 'Fresh Strong', 171.00);
INSERT INTO `store`.`good` (`id`, `name`, `price`) VALUES (25, 'Flexkix', 781.00);
INSERT INTO `store`.`good` (`id`, `name`, `price`) VALUES (26, 'Lightin', 153.00);
INSERT INTO `store`.`good` (`id`, `name`, `price`) VALUES (27, 'Biostrong', 350.00);
INSERT INTO `store`.`good` (`id`, `name`, `price`) VALUES (28, 'Kin Sillux', 290.00);
INSERT INTO `store`.`good` (`id`, `name`, `price`) VALUES (29, 'Groovejob', 186.00);
INSERT INTO `store`.`good` (`id`, `name`, `price`) VALUES (30, 'Vaiaing', 704.00);
INSERT INTO `store`.`good` (`id`, `name`, `price`) VALUES (31, 'Apcantech', 426.00);
INSERT INTO `store`.`good` (`id`, `name`, `price`) VALUES (32, 'Tough Statla', 642.00);
INSERT INTO `store`.`good` (`id`, `name`, `price`) VALUES (33, 'Ranex', 354.00);
INSERT INTO `store`.`good` (`id`, `name`, `price`) VALUES (34, 'Keydandom', 447.00);
INSERT INTO `store`.`good` (`id`, `name`, `price`) VALUES (35, 'Tamp-Tex', 286.00);
INSERT INTO `store`.`good` (`id`, `name`, `price`) VALUES (36, 'Zoombam', 691.00);
INSERT INTO `store`.`good` (`id`, `name`, `price`) VALUES (37, 'Spanplus', 867.00);
INSERT INTO `store`.`good` (`id`, `name`, `price`) VALUES (38, 'Jay Keydex', 423.00);
INSERT INTO `store`.`good` (`id`, `name`, `price`) VALUES (39, 'Jobcof', 467.00);
INSERT INTO `store`.`good` (`id`, `name`, `price`) VALUES (40, 'Grooveity', 245.00);
INSERT INTO `store`.`good` (`id`, `name`, `price`) VALUES (41, 'Techeco', 555.00);
INSERT INTO `store`.`good` (`id`, `name`, `price`) VALUES (42, 'Zerdex', 607.00);
INSERT INTO `store`.`good` (`id`, `name`, `price`) VALUES (43, 'Overlight', 1000.00);
INSERT INTO `store`.`good` (`id`, `name`, `price`) VALUES (44, 'Geolax', 904.00);
INSERT INTO `store`.`good` (`id`, `name`, `price`) VALUES (45, 'Fase Jaylux', 929.00);
INSERT INTO `store`.`good` (`id`, `name`, `price`) VALUES (46, 'Alphagohold', 735.00);
INSERT INTO `store`.`good` (`id`, `name`, `price`) VALUES (47, 'Canlatplus', 217.00);
INSERT INTO `store`.`good` (`id`, `name`, `price`) VALUES (48, 'Strongfind', 713.00);
INSERT INTO `store`.`good` (`id`, `name`, `price`) VALUES (49, 'Hattip', 586.00);
INSERT INTO `store`.`good` (`id`, `name`, `price`) VALUES (50, 'Opestring', 398.00);
INSERT INTO `store`.`good` (`id`, `name`, `price`) VALUES (51, 'Nimdom', 216.00);
INSERT INTO `store`.`good` (`id`, `name`, `price`) VALUES (52, 'Singtough', 519.00);
INSERT INTO `store`.`good` (`id`, `name`, `price`) VALUES (53, 'Kan String', 534.00);
INSERT INTO `store`.`good` (`id`, `name`, `price`) VALUES (54, 'Zerwarm', 707.00);
INSERT INTO `store`.`good` (`id`, `name`, `price`) VALUES (55, 'Danity', 252.00);
INSERT INTO `store`.`good` (`id`, `name`, `price`) VALUES (56, 'Bam-Sing', 994.00);
INSERT INTO `store`.`good` (`id`, `name`, `price`) VALUES (57, 'Unisantech', 365.00);
INSERT INTO `store`.`good` (`id`, `name`, `price`) VALUES (58, 'Ontofind', 859.00);
INSERT INTO `store`.`good` (`id`, `name`, `price`) VALUES (59, 'Refan', 386.00);
INSERT INTO `store`.`good` (`id`, `name`, `price`) VALUES (60, 'Intip', 441.00);
INSERT INTO `store`.`good` (`id`, `name`, `price`) VALUES (61, 'Eco Nimtouch', 542.00);
INSERT INTO `store`.`good` (`id`, `name`, `price`) VALUES (62, 'Alphaflex', 626.00);
INSERT INTO `store`.`good` (`id`, `name`, `price`) VALUES (63, 'Funtoit', 225.00);
INSERT INTO `store`.`good` (`id`, `name`, `price`) VALUES (64, 'Stim Tone', 235.00);
INSERT INTO `store`.`good` (`id`, `name`, `price`) VALUES (65, 'Key Solostock', 646.00);
INSERT INTO `store`.`good` (`id`, `name`, `price`) VALUES (66, 'Singlezumjob', 506.00);
INSERT INTO `store`.`good` (`id`, `name`, `price`) VALUES (67, 'Nimtone', 503.00);
INSERT INTO `store`.`good` (`id`, `name`, `price`) VALUES (68, 'Xxx-tam', 397.00);
INSERT INTO `store`.`good` (`id`, `name`, `price`) VALUES (69, 'Trippleovetough', 467.00);
INSERT INTO `store`.`good` (`id`, `name`, `price`) VALUES (70, 'Sandax', 225.00);
INSERT INTO `store`.`good` (`id`, `name`, `price`) VALUES (71, 'Strongis', 625.00);
INSERT INTO `store`.`good` (`id`, `name`, `price`) VALUES (72, 'Stockdom', 603.00);
INSERT INTO `store`.`good` (`id`, `name`, `price`) VALUES (73, 'Salt Sanity', 972.00);
INSERT INTO `store`.`good` (`id`, `name`, `price`) VALUES (74, 'Zathzimis', 562.00);
INSERT INTO `store`.`good` (`id`, `name`, `price`) VALUES (75, 'Light-Dax', 816.00);
INSERT INTO `store`.`good` (`id`, `name`, `price`) VALUES (76, 'New Dom', 192.00);
INSERT INTO `store`.`good` (`id`, `name`, `price`) VALUES (77, 'Tempphase', 372.00);
INSERT INTO `store`.`good` (`id`, `name`, `price`) VALUES (78, 'Flexstock', 533.00);
INSERT INTO `store`.`good` (`id`, `name`, `price`) VALUES (79, 'Freshnix', 728.00);
INSERT INTO `store`.`good` (`id`, `name`, `price`) VALUES (80, 'Zencom', 605.00);
INSERT INTO `store`.`good` (`id`, `name`, `price`) VALUES (81, 'K--Fax', 161.00);
INSERT INTO `store`.`good` (`id`, `name`, `price`) VALUES (82, 'Tipstring', 216.00);
INSERT INTO `store`.`good` (`id`, `name`, `price`) VALUES (83, 'Sumzap', 588.00);
INSERT INTO `store`.`good` (`id`, `name`, `price`) VALUES (84, 'Strongflex', 567.00);
INSERT INTO `store`.`good` (`id`, `name`, `price`) VALUES (85, 'Zotex', 379.00);
INSERT INTO `store`.`good` (`id`, `name`, `price`) VALUES (86, 'Roundit', 632.00);
INSERT INTO `store`.`good` (`id`, `name`, `price`) VALUES (87, 'Namnix', 849.00);
INSERT INTO `store`.`good` (`id`, `name`, `price`) VALUES (88, 'Zon Kayfresh', 905.00);
INSERT INTO `store`.`good` (`id`, `name`, `price`) VALUES (89, 'Strong Ozejob', 532.00);
INSERT INTO `store`.`good` (`id`, `name`, `price`) VALUES (90, 'Jaykix', 661.00);
INSERT INTO `store`.`good` (`id`, `name`, `price`) VALUES (91, 'Ranknix', 923.00);
INSERT INTO `store`.`good` (`id`, `name`, `price`) VALUES (92, 'Superhome', 322.00);
INSERT INTO `store`.`good` (`id`, `name`, `price`) VALUES (93, 'Geo Plus', 317.00);
INSERT INTO `store`.`good` (`id`, `name`, `price`) VALUES (94, 'Treeit', 407.00);
INSERT INTO `store`.`good` (`id`, `name`, `price`) VALUES (95, 'Zam-La', 167.00);
INSERT INTO `store`.`good` (`id`, `name`, `price`) VALUES (96, 'Quad Finkix', 469.00);
INSERT INTO `store`.`good` (`id`, `name`, `price`) VALUES (97, 'Zaam Runnix', 346.00);
INSERT INTO `store`.`good` (`id`, `name`, `price`) VALUES (98, 'Dantax', 696.00);
INSERT INTO `store`.`good` (`id`, `name`, `price`) VALUES (99, 'Voldox', 359.00);
INSERT INTO `store`.`good` (`id`, `name`, `price`) VALUES (100, 'Laming', 672.00);
INSERT INTO `store`.`good` (`id`, `name`, `price`) VALUES (101, 'Opensoft', 185.00);
INSERT INTO `store`.`good` (`id`, `name`, `price`) VALUES (102, 'Ecotax', 197.00);
INSERT INTO `store`.`good` (`id`, `name`, `price`) VALUES (103, 'Transla', 866.00);
INSERT INTO `store`.`good` (`id`, `name`, `price`) VALUES (104, 'Zenphase', 548.00);
INSERT INTO `store`.`good` (`id`, `name`, `price`) VALUES (105, 'Donredlex', 720.00);
INSERT INTO `store`.`good` (`id`, `name`, `price`) VALUES (106, 'Doublecof', 863.00);
INSERT INTO `store`.`good` (`id`, `name`, `price`) VALUES (107, 'Latnix', 485.00);
INSERT INTO `store`.`good` (`id`, `name`, `price`) VALUES (108, 'Alpha Qvotone', 200.00);
INSERT INTO `store`.`good` (`id`, `name`, `price`) VALUES (109, 'Ozerit', 989.00);
INSERT INTO `store`.`good` (`id`, `name`, `price`) VALUES (110, 'Soft Phase', 274.00);
INSERT INTO `store`.`good` (`id`, `name`, `price`) VALUES (111, 'An Sanstring', 113.00);
INSERT INTO `store`.`good` (`id`, `name`, `price`) VALUES (112, 'Physfind', 134.00);
INSERT INTO `store`.`good` (`id`, `name`, `price`) VALUES (113, 'Airsantom', 797.00);
INSERT INTO `store`.`good` (`id`, `name`, `price`) VALUES (114, 'Ontozap', 848.00);
INSERT INTO `store`.`good` (`id`, `name`, `price`) VALUES (115, 'Zonedex', 707.00);
INSERT INTO `store`.`good` (`id`, `name`, `price`) VALUES (116, 'Vaiatone', 232.00);
INSERT INTO `store`.`good` (`id`, `name`, `price`) VALUES (117, 'Superlab', 317.00);
INSERT INTO `store`.`good` (`id`, `name`, `price`) VALUES (118, 'Open Dom', 516.00);
INSERT INTO `store`.`good` (`id`, `name`, `price`) VALUES (119, 'Itdom', 788.00);
INSERT INTO `store`.`good` (`id`, `name`, `price`) VALUES (120, 'Zoolex', 772.00);
INSERT INTO `store`.`good` (`id`, `name`, `price`) VALUES (121, 'Tran Ancom', 635.00);
INSERT INTO `store`.`good` (`id`, `name`, `price`) VALUES (122, 'Zotstring', 222.00);
INSERT INTO `store`.`good` (`id`, `name`, `price`) VALUES (123, 'Lam Nimplus', 558.00);
INSERT INTO `store`.`good` (`id`, `name`, `price`) VALUES (124, 'Over Dubtough', 105.00);
INSERT INTO `store`.`good` (`id`, `name`, `price`) VALUES (125, 'Dam Jaystock', 386.00);
INSERT INTO `store`.`good` (`id`, `name`, `price`) VALUES (126, 'Tripple-Dox', 758.00);
INSERT INTO `store`.`good` (`id`, `name`, `price`) VALUES (127, 'Sanlex', 704.00);

COMMIT;


-- -----------------------------------------------------
-- Data for table `store`.`category`
-- -----------------------------------------------------
START TRANSACTION;
USE `store`;
INSERT INTO `store`.`category` (`id`, `name`) VALUES (1, 'Air Fresheners');
INSERT INTO `store`.`category` (`id`, `name`) VALUES (2, 'Bath Products');
INSERT INTO `store`.`category` (`id`, `name`) VALUES (3, 'Cakes');
INSERT INTO `store`.`category` (`id`, `name`) VALUES (4, 'Candy');
INSERT INTO `store`.`category` (`id`, `name`) VALUES (5, 'Dental Care');
INSERT INTO `store`.`category` (`id`, `name`) VALUES (6, 'Health & Medicine');
INSERT INTO `store`.`category` (`id`, `name`) VALUES (7, 'Juices');
INSERT INTO `store`.`category` (`id`, `name`) VALUES (8, 'Snacks');
INSERT INTO `store`.`category` (`id`, `name`) VALUES (9, 'Tea & Coffee');
INSERT INTO `store`.`category` (`id`, `name`) VALUES (10, 'Water');
INSERT INTO `store`.`category` (`id`, `name`) VALUES (11, 'Seasonings & Spices');
INSERT INTO `store`.`category` (`id`, `name`) VALUES (12, 'Pasta & Noodles');
INSERT INTO `store`.`category` (`id`, `name`) VALUES (13, 'Fruits & Vegetables');

COMMIT;


-- -----------------------------------------------------
-- Data for table `store`.`category_has_good`
-- -----------------------------------------------------
START TRANSACTION;
USE `store`;
INSERT INTO `store`.`category_has_good` (`category_id`, `good_id`) VALUES (2, 1);
INSERT INTO `store`.`category_has_good` (`category_id`, `good_id`) VALUES (7, 1);
INSERT INTO `store`.`category_has_good` (`category_id`, `good_id`) VALUES (10, 1);
INSERT INTO `store`.`category_has_good` (`category_id`, `good_id`) VALUES (3, 2);
INSERT INTO `store`.`category_has_good` (`category_id`, `good_id`) VALUES (5, 2);
INSERT INTO `store`.`category_has_good` (`category_id`, `good_id`) VALUES (6, 2);
INSERT INTO `store`.`category_has_good` (`category_id`, `good_id`) VALUES (9, 2);
INSERT INTO `store`.`category_has_good` (`category_id`, `good_id`) VALUES (7, 3);
INSERT INTO `store`.`category_has_good` (`category_id`, `good_id`) VALUES (1, 4);
INSERT INTO `store`.`category_has_good` (`category_id`, `good_id`) VALUES (9, 4);
INSERT INTO `store`.`category_has_good` (`category_id`, `good_id`) VALUES (1, 5);
INSERT INTO `store`.`category_has_good` (`category_id`, `good_id`) VALUES (6, 5);
INSERT INTO `store`.`category_has_good` (`category_id`, `good_id`) VALUES (7, 5);
INSERT INTO `store`.`category_has_good` (`category_id`, `good_id`) VALUES (1, 7);
INSERT INTO `store`.`category_has_good` (`category_id`, `good_id`) VALUES (4, 7);
INSERT INTO `store`.`category_has_good` (`category_id`, `good_id`) VALUES (3, 8);
INSERT INTO `store`.`category_has_good` (`category_id`, `good_id`) VALUES (5, 8);
INSERT INTO `store`.`category_has_good` (`category_id`, `good_id`) VALUES (7, 8);
INSERT INTO `store`.`category_has_good` (`category_id`, `good_id`) VALUES (5, 9);
INSERT INTO `store`.`category_has_good` (`category_id`, `good_id`) VALUES (8, 9);
INSERT INTO `store`.`category_has_good` (`category_id`, `good_id`) VALUES (9, 9);
INSERT INTO `store`.`category_has_good` (`category_id`, `good_id`) VALUES (1, 10);
INSERT INTO `store`.`category_has_good` (`category_id`, `good_id`) VALUES (6, 10);
INSERT INTO `store`.`category_has_good` (`category_id`, `good_id`) VALUES (9, 10);
INSERT INTO `store`.`category_has_good` (`category_id`, `good_id`) VALUES (1, 11);
INSERT INTO `store`.`category_has_good` (`category_id`, `good_id`) VALUES (4, 11);
INSERT INTO `store`.`category_has_good` (`category_id`, `good_id`) VALUES (5, 11);
INSERT INTO `store`.`category_has_good` (`category_id`, `good_id`) VALUES (1, 12);
INSERT INTO `store`.`category_has_good` (`category_id`, `good_id`) VALUES (2, 12);
INSERT INTO `store`.`category_has_good` (`category_id`, `good_id`) VALUES (3, 12);
INSERT INTO `store`.`category_has_good` (`category_id`, `good_id`) VALUES (5, 13);
INSERT INTO `store`.`category_has_good` (`category_id`, `good_id`) VALUES (2, 14);
INSERT INTO `store`.`category_has_good` (`category_id`, `good_id`) VALUES (4, 14);
INSERT INTO `store`.`category_has_good` (`category_id`, `good_id`) VALUES (7, 14);
INSERT INTO `store`.`category_has_good` (`category_id`, `good_id`) VALUES (10, 14);
INSERT INTO `store`.`category_has_good` (`category_id`, `good_id`) VALUES (1, 15);
INSERT INTO `store`.`category_has_good` (`category_id`, `good_id`) VALUES (3, 15);
INSERT INTO `store`.`category_has_good` (`category_id`, `good_id`) VALUES (7, 15);
INSERT INTO `store`.`category_has_good` (`category_id`, `good_id`) VALUES (4, 16);
INSERT INTO `store`.`category_has_good` (`category_id`, `good_id`) VALUES (5, 16);
INSERT INTO `store`.`category_has_good` (`category_id`, `good_id`) VALUES (4, 17);
INSERT INTO `store`.`category_has_good` (`category_id`, `good_id`) VALUES (10, 17);
INSERT INTO `store`.`category_has_good` (`category_id`, `good_id`) VALUES (3, 18);
INSERT INTO `store`.`category_has_good` (`category_id`, `good_id`) VALUES (6, 18);
INSERT INTO `store`.`category_has_good` (`category_id`, `good_id`) VALUES (9, 18);
INSERT INTO `store`.`category_has_good` (`category_id`, `good_id`) VALUES (2, 19);
INSERT INTO `store`.`category_has_good` (`category_id`, `good_id`) VALUES (4, 19);
INSERT INTO `store`.`category_has_good` (`category_id`, `good_id`) VALUES (9, 19);
INSERT INTO `store`.`category_has_good` (`category_id`, `good_id`) VALUES (1, 20);
INSERT INTO `store`.`category_has_good` (`category_id`, `good_id`) VALUES (3, 20);
INSERT INTO `store`.`category_has_good` (`category_id`, `good_id`) VALUES (10, 20);
INSERT INTO `store`.`category_has_good` (`category_id`, `good_id`) VALUES (1, 21);
INSERT INTO `store`.`category_has_good` (`category_id`, `good_id`) VALUES (6, 21);
INSERT INTO `store`.`category_has_good` (`category_id`, `good_id`) VALUES (2, 22);
INSERT INTO `store`.`category_has_good` (`category_id`, `good_id`) VALUES (2, 23);
INSERT INTO `store`.`category_has_good` (`category_id`, `good_id`) VALUES (8, 23);
INSERT INTO `store`.`category_has_good` (`category_id`, `good_id`) VALUES (10, 24);
INSERT INTO `store`.`category_has_good` (`category_id`, `good_id`) VALUES (6, 25);
INSERT INTO `store`.`category_has_good` (`category_id`, `good_id`) VALUES (7, 25);
INSERT INTO `store`.`category_has_good` (`category_id`, `good_id`) VALUES (2, 26);
INSERT INTO `store`.`category_has_good` (`category_id`, `good_id`) VALUES (5, 26);
INSERT INTO `store`.`category_has_good` (`category_id`, `good_id`) VALUES (8, 26);
INSERT INTO `store`.`category_has_good` (`category_id`, `good_id`) VALUES (3, 27);
INSERT INTO `store`.`category_has_good` (`category_id`, `good_id`) VALUES (5, 28);
INSERT INTO `store`.`category_has_good` (`category_id`, `good_id`) VALUES (9, 28);
INSERT INTO `store`.`category_has_good` (`category_id`, `good_id`) VALUES (2, 29);
INSERT INTO `store`.`category_has_good` (`category_id`, `good_id`) VALUES (4, 29);
INSERT INTO `store`.`category_has_good` (`category_id`, `good_id`) VALUES (8, 29);
INSERT INTO `store`.`category_has_good` (`category_id`, `good_id`) VALUES (2, 30);
INSERT INTO `store`.`category_has_good` (`category_id`, `good_id`) VALUES (5, 30);
INSERT INTO `store`.`category_has_good` (`category_id`, `good_id`) VALUES (7, 30);
INSERT INTO `store`.`category_has_good` (`category_id`, `good_id`) VALUES (9, 30);
INSERT INTO `store`.`category_has_good` (`category_id`, `good_id`) VALUES (2, 31);
INSERT INTO `store`.`category_has_good` (`category_id`, `good_id`) VALUES (6, 31);
INSERT INTO `store`.`category_has_good` (`category_id`, `good_id`) VALUES (8, 31);
INSERT INTO `store`.`category_has_good` (`category_id`, `good_id`) VALUES (10, 31);
INSERT INTO `store`.`category_has_good` (`category_id`, `good_id`) VALUES (1, 32);
INSERT INTO `store`.`category_has_good` (`category_id`, `good_id`) VALUES (3, 32);
INSERT INTO `store`.`category_has_good` (`category_id`, `good_id`) VALUES (6, 32);
INSERT INTO `store`.`category_has_good` (`category_id`, `good_id`) VALUES (8, 32);
INSERT INTO `store`.`category_has_good` (`category_id`, `good_id`) VALUES (1, 33);
INSERT INTO `store`.`category_has_good` (`category_id`, `good_id`) VALUES (4, 33);
INSERT INTO `store`.`category_has_good` (`category_id`, `good_id`) VALUES (7, 33);
INSERT INTO `store`.`category_has_good` (`category_id`, `good_id`) VALUES (1, 34);
INSERT INTO `store`.`category_has_good` (`category_id`, `good_id`) VALUES (2, 34);
INSERT INTO `store`.`category_has_good` (`category_id`, `good_id`) VALUES (4, 34);
INSERT INTO `store`.`category_has_good` (`category_id`, `good_id`) VALUES (7, 34);
INSERT INTO `store`.`category_has_good` (`category_id`, `good_id`) VALUES (10, 34);
INSERT INTO `store`.`category_has_good` (`category_id`, `good_id`) VALUES (3, 35);
INSERT INTO `store`.`category_has_good` (`category_id`, `good_id`) VALUES (1, 36);
INSERT INTO `store`.`category_has_good` (`category_id`, `good_id`) VALUES (3, 36);
INSERT INTO `store`.`category_has_good` (`category_id`, `good_id`) VALUES (4, 36);
INSERT INTO `store`.`category_has_good` (`category_id`, `good_id`) VALUES (8, 36);
INSERT INTO `store`.`category_has_good` (`category_id`, `good_id`) VALUES (1, 37);
INSERT INTO `store`.`category_has_good` (`category_id`, `good_id`) VALUES (3, 37);
INSERT INTO `store`.`category_has_good` (`category_id`, `good_id`) VALUES (7, 37);
INSERT INTO `store`.`category_has_good` (`category_id`, `good_id`) VALUES (8, 37);
INSERT INTO `store`.`category_has_good` (`category_id`, `good_id`) VALUES (1, 38);
INSERT INTO `store`.`category_has_good` (`category_id`, `good_id`) VALUES (4, 38);
INSERT INTO `store`.`category_has_good` (`category_id`, `good_id`) VALUES (7, 38);
INSERT INTO `store`.`category_has_good` (`category_id`, `good_id`) VALUES (9, 38);
INSERT INTO `store`.`category_has_good` (`category_id`, `good_id`) VALUES (1, 39);
INSERT INTO `store`.`category_has_good` (`category_id`, `good_id`) VALUES (2, 39);
INSERT INTO `store`.`category_has_good` (`category_id`, `good_id`) VALUES (6, 39);
INSERT INTO `store`.`category_has_good` (`category_id`, `good_id`) VALUES (7, 40);
INSERT INTO `store`.`category_has_good` (`category_id`, `good_id`) VALUES (6, 41);
INSERT INTO `store`.`category_has_good` (`category_id`, `good_id`) VALUES (8, 41);
INSERT INTO `store`.`category_has_good` (`category_id`, `good_id`) VALUES (2, 42);
INSERT INTO `store`.`category_has_good` (`category_id`, `good_id`) VALUES (9, 43);
INSERT INTO `store`.`category_has_good` (`category_id`, `good_id`) VALUES (1, 44);
INSERT INTO `store`.`category_has_good` (`category_id`, `good_id`) VALUES (5, 44);
INSERT INTO `store`.`category_has_good` (`category_id`, `good_id`) VALUES (2, 45);
INSERT INTO `store`.`category_has_good` (`category_id`, `good_id`) VALUES (4, 45);
INSERT INTO `store`.`category_has_good` (`category_id`, `good_id`) VALUES (8, 45);
INSERT INTO `store`.`category_has_good` (`category_id`, `good_id`) VALUES (10, 45);
INSERT INTO `store`.`category_has_good` (`category_id`, `good_id`) VALUES (3, 46);
INSERT INTO `store`.`category_has_good` (`category_id`, `good_id`) VALUES (4, 46);
INSERT INTO `store`.`category_has_good` (`category_id`, `good_id`) VALUES (6, 46);
INSERT INTO `store`.`category_has_good` (`category_id`, `good_id`) VALUES (4, 47);
INSERT INTO `store`.`category_has_good` (`category_id`, `good_id`) VALUES (5, 47);
INSERT INTO `store`.`category_has_good` (`category_id`, `good_id`) VALUES (8, 47);
INSERT INTO `store`.`category_has_good` (`category_id`, `good_id`) VALUES (1, 48);
INSERT INTO `store`.`category_has_good` (`category_id`, `good_id`) VALUES (3, 48);
INSERT INTO `store`.`category_has_good` (`category_id`, `good_id`) VALUES (6, 48);
INSERT INTO `store`.`category_has_good` (`category_id`, `good_id`) VALUES (9, 48);
INSERT INTO `store`.`category_has_good` (`category_id`, `good_id`) VALUES (5, 49);
INSERT INTO `store`.`category_has_good` (`category_id`, `good_id`) VALUES (6, 49);
INSERT INTO `store`.`category_has_good` (`category_id`, `good_id`) VALUES (1, 50);
INSERT INTO `store`.`category_has_good` (`category_id`, `good_id`) VALUES (4, 50);
INSERT INTO `store`.`category_has_good` (`category_id`, `good_id`) VALUES (9, 50);
INSERT INTO `store`.`category_has_good` (`category_id`, `good_id`) VALUES (4, 51);
INSERT INTO `store`.`category_has_good` (`category_id`, `good_id`) VALUES (7, 51);
INSERT INTO `store`.`category_has_good` (`category_id`, `good_id`) VALUES (9, 51);
INSERT INTO `store`.`category_has_good` (`category_id`, `good_id`) VALUES (10, 51);
INSERT INTO `store`.`category_has_good` (`category_id`, `good_id`) VALUES (4, 52);
INSERT INTO `store`.`category_has_good` (`category_id`, `good_id`) VALUES (5, 52);
INSERT INTO `store`.`category_has_good` (`category_id`, `good_id`) VALUES (3, 53);
INSERT INTO `store`.`category_has_good` (`category_id`, `good_id`) VALUES (6, 53);
INSERT INTO `store`.`category_has_good` (`category_id`, `good_id`) VALUES (10, 53);
INSERT INTO `store`.`category_has_good` (`category_id`, `good_id`) VALUES (5, 54);
INSERT INTO `store`.`category_has_good` (`category_id`, `good_id`) VALUES (1, 55);
INSERT INTO `store`.`category_has_good` (`category_id`, `good_id`) VALUES (2, 55);
INSERT INTO `store`.`category_has_good` (`category_id`, `good_id`) VALUES (8, 55);
INSERT INTO `store`.`category_has_good` (`category_id`, `good_id`) VALUES (7, 56);
INSERT INTO `store`.`category_has_good` (`category_id`, `good_id`) VALUES (9, 57);
INSERT INTO `store`.`category_has_good` (`category_id`, `good_id`) VALUES (10, 57);
INSERT INTO `store`.`category_has_good` (`category_id`, `good_id`) VALUES (4, 58);
INSERT INTO `store`.`category_has_good` (`category_id`, `good_id`) VALUES (6, 58);
INSERT INTO `store`.`category_has_good` (`category_id`, `good_id`) VALUES (9, 58);
INSERT INTO `store`.`category_has_good` (`category_id`, `good_id`) VALUES (10, 58);
INSERT INTO `store`.`category_has_good` (`category_id`, `good_id`) VALUES (1, 59);
INSERT INTO `store`.`category_has_good` (`category_id`, `good_id`) VALUES (5, 59);
INSERT INTO `store`.`category_has_good` (`category_id`, `good_id`) VALUES (6, 60);
INSERT INTO `store`.`category_has_good` (`category_id`, `good_id`) VALUES (9, 60);
INSERT INTO `store`.`category_has_good` (`category_id`, `good_id`) VALUES (3, 61);
INSERT INTO `store`.`category_has_good` (`category_id`, `good_id`) VALUES (1, 62);
INSERT INTO `store`.`category_has_good` (`category_id`, `good_id`) VALUES (2, 62);
INSERT INTO `store`.`category_has_good` (`category_id`, `good_id`) VALUES (7, 62);
INSERT INTO `store`.`category_has_good` (`category_id`, `good_id`) VALUES (3, 63);
INSERT INTO `store`.`category_has_good` (`category_id`, `good_id`) VALUES (8, 63);
INSERT INTO `store`.`category_has_good` (`category_id`, `good_id`) VALUES (2, 64);
INSERT INTO `store`.`category_has_good` (`category_id`, `good_id`) VALUES (3, 64);
INSERT INTO `store`.`category_has_good` (`category_id`, `good_id`) VALUES (9, 64);
INSERT INTO `store`.`category_has_good` (`category_id`, `good_id`) VALUES (1, 65);
INSERT INTO `store`.`category_has_good` (`category_id`, `good_id`) VALUES (3, 65);
INSERT INTO `store`.`category_has_good` (`category_id`, `good_id`) VALUES (5, 65);
INSERT INTO `store`.`category_has_good` (`category_id`, `good_id`) VALUES (7, 65);
INSERT INTO `store`.`category_has_good` (`category_id`, `good_id`) VALUES (8, 65);
INSERT INTO `store`.`category_has_good` (`category_id`, `good_id`) VALUES (10, 65);
INSERT INTO `store`.`category_has_good` (`category_id`, `good_id`) VALUES (8, 66);
INSERT INTO `store`.`category_has_good` (`category_id`, `good_id`) VALUES (8, 67);
INSERT INTO `store`.`category_has_good` (`category_id`, `good_id`) VALUES (9, 67);
INSERT INTO `store`.`category_has_good` (`category_id`, `good_id`) VALUES (8, 68);
INSERT INTO `store`.`category_has_good` (`category_id`, `good_id`) VALUES (9, 68);
INSERT INTO `store`.`category_has_good` (`category_id`, `good_id`) VALUES (10, 68);
INSERT INTO `store`.`category_has_good` (`category_id`, `good_id`) VALUES (2, 69);
INSERT INTO `store`.`category_has_good` (`category_id`, `good_id`) VALUES (3, 69);
INSERT INTO `store`.`category_has_good` (`category_id`, `good_id`) VALUES (5, 69);
INSERT INTO `store`.`category_has_good` (`category_id`, `good_id`) VALUES (9, 69);
INSERT INTO `store`.`category_has_good` (`category_id`, `good_id`) VALUES (4, 70);
INSERT INTO `store`.`category_has_good` (`category_id`, `good_id`) VALUES (9, 70);
INSERT INTO `store`.`category_has_good` (`category_id`, `good_id`) VALUES (4, 71);
INSERT INTO `store`.`category_has_good` (`category_id`, `good_id`) VALUES (1, 72);
INSERT INTO `store`.`category_has_good` (`category_id`, `good_id`) VALUES (4, 72);
INSERT INTO `store`.`category_has_good` (`category_id`, `good_id`) VALUES (1, 73);
INSERT INTO `store`.`category_has_good` (`category_id`, `good_id`) VALUES (3, 73);
INSERT INTO `store`.`category_has_good` (`category_id`, `good_id`) VALUES (10, 73);
INSERT INTO `store`.`category_has_good` (`category_id`, `good_id`) VALUES (1, 74);
INSERT INTO `store`.`category_has_good` (`category_id`, `good_id`) VALUES (2, 74);
INSERT INTO `store`.`category_has_good` (`category_id`, `good_id`) VALUES (7, 74);
INSERT INTO `store`.`category_has_good` (`category_id`, `good_id`) VALUES (9, 74);
INSERT INTO `store`.`category_has_good` (`category_id`, `good_id`) VALUES (10, 74);
INSERT INTO `store`.`category_has_good` (`category_id`, `good_id`) VALUES (2, 75);
INSERT INTO `store`.`category_has_good` (`category_id`, `good_id`) VALUES (7, 75);
INSERT INTO `store`.`category_has_good` (`category_id`, `good_id`) VALUES (2, 76);
INSERT INTO `store`.`category_has_good` (`category_id`, `good_id`) VALUES (10, 76);
INSERT INTO `store`.`category_has_good` (`category_id`, `good_id`) VALUES (5, 77);
INSERT INTO `store`.`category_has_good` (`category_id`, `good_id`) VALUES (7, 77);
INSERT INTO `store`.`category_has_good` (`category_id`, `good_id`) VALUES (10, 77);
INSERT INTO `store`.`category_has_good` (`category_id`, `good_id`) VALUES (1, 78);
INSERT INTO `store`.`category_has_good` (`category_id`, `good_id`) VALUES (5, 78);
INSERT INTO `store`.`category_has_good` (`category_id`, `good_id`) VALUES (10, 78);
INSERT INTO `store`.`category_has_good` (`category_id`, `good_id`) VALUES (1, 79);
INSERT INTO `store`.`category_has_good` (`category_id`, `good_id`) VALUES (2, 79);
INSERT INTO `store`.`category_has_good` (`category_id`, `good_id`) VALUES (7, 79);
INSERT INTO `store`.`category_has_good` (`category_id`, `good_id`) VALUES (8, 79);
INSERT INTO `store`.`category_has_good` (`category_id`, `good_id`) VALUES (1, 80);
INSERT INTO `store`.`category_has_good` (`category_id`, `good_id`) VALUES (2, 80);
INSERT INTO `store`.`category_has_good` (`category_id`, `good_id`) VALUES (4, 80);
INSERT INTO `store`.`category_has_good` (`category_id`, `good_id`) VALUES (9, 80);
INSERT INTO `store`.`category_has_good` (`category_id`, `good_id`) VALUES (3, 81);
INSERT INTO `store`.`category_has_good` (`category_id`, `good_id`) VALUES (5, 81);
INSERT INTO `store`.`category_has_good` (`category_id`, `good_id`) VALUES (6, 82);
INSERT INTO `store`.`category_has_good` (`category_id`, `good_id`) VALUES (5, 83);
INSERT INTO `store`.`category_has_good` (`category_id`, `good_id`) VALUES (3, 84);
INSERT INTO `store`.`category_has_good` (`category_id`, `good_id`) VALUES (5, 84);
INSERT INTO `store`.`category_has_good` (`category_id`, `good_id`) VALUES (8, 84);
INSERT INTO `store`.`category_has_good` (`category_id`, `good_id`) VALUES (3, 85);
INSERT INTO `store`.`category_has_good` (`category_id`, `good_id`) VALUES (5, 85);
INSERT INTO `store`.`category_has_good` (`category_id`, `good_id`) VALUES (6, 85);
INSERT INTO `store`.`category_has_good` (`category_id`, `good_id`) VALUES (8, 85);
INSERT INTO `store`.`category_has_good` (`category_id`, `good_id`) VALUES (3, 86);
INSERT INTO `store`.`category_has_good` (`category_id`, `good_id`) VALUES (6, 86);
INSERT INTO `store`.`category_has_good` (`category_id`, `good_id`) VALUES (2, 87);
INSERT INTO `store`.`category_has_good` (`category_id`, `good_id`) VALUES (7, 87);
INSERT INTO `store`.`category_has_good` (`category_id`, `good_id`) VALUES (9, 87);
INSERT INTO `store`.`category_has_good` (`category_id`, `good_id`) VALUES (10, 87);
INSERT INTO `store`.`category_has_good` (`category_id`, `good_id`) VALUES (5, 88);
INSERT INTO `store`.`category_has_good` (`category_id`, `good_id`) VALUES (8, 88);
INSERT INTO `store`.`category_has_good` (`category_id`, `good_id`) VALUES (2, 89);
INSERT INTO `store`.`category_has_good` (`category_id`, `good_id`) VALUES (3, 89);
INSERT INTO `store`.`category_has_good` (`category_id`, `good_id`) VALUES (7, 89);
INSERT INTO `store`.`category_has_good` (`category_id`, `good_id`) VALUES (2, 90);
INSERT INTO `store`.`category_has_good` (`category_id`, `good_id`) VALUES (4, 90);
INSERT INTO `store`.`category_has_good` (`category_id`, `good_id`) VALUES (1, 91);
INSERT INTO `store`.`category_has_good` (`category_id`, `good_id`) VALUES (6, 91);
INSERT INTO `store`.`category_has_good` (`category_id`, `good_id`) VALUES (10, 91);
INSERT INTO `store`.`category_has_good` (`category_id`, `good_id`) VALUES (2, 92);
INSERT INTO `store`.`category_has_good` (`category_id`, `good_id`) VALUES (7, 92);
INSERT INTO `store`.`category_has_good` (`category_id`, `good_id`) VALUES (8, 92);
INSERT INTO `store`.`category_has_good` (`category_id`, `good_id`) VALUES (10, 92);
INSERT INTO `store`.`category_has_good` (`category_id`, `good_id`) VALUES (1, 93);
INSERT INTO `store`.`category_has_good` (`category_id`, `good_id`) VALUES (4, 93);
INSERT INTO `store`.`category_has_good` (`category_id`, `good_id`) VALUES (5, 93);
INSERT INTO `store`.`category_has_good` (`category_id`, `good_id`) VALUES (6, 93);
INSERT INTO `store`.`category_has_good` (`category_id`, `good_id`) VALUES (1, 94);
INSERT INTO `store`.`category_has_good` (`category_id`, `good_id`) VALUES (2, 94);
INSERT INTO `store`.`category_has_good` (`category_id`, `good_id`) VALUES (6, 94);
INSERT INTO `store`.`category_has_good` (`category_id`, `good_id`) VALUES (3, 95);
INSERT INTO `store`.`category_has_good` (`category_id`, `good_id`) VALUES (5, 95);
INSERT INTO `store`.`category_has_good` (`category_id`, `good_id`) VALUES (9, 95);
INSERT INTO `store`.`category_has_good` (`category_id`, `good_id`) VALUES (3, 96);
INSERT INTO `store`.`category_has_good` (`category_id`, `good_id`) VALUES (8, 96);
INSERT INTO `store`.`category_has_good` (`category_id`, `good_id`) VALUES (9, 96);
INSERT INTO `store`.`category_has_good` (`category_id`, `good_id`) VALUES (2, 97);
INSERT INTO `store`.`category_has_good` (`category_id`, `good_id`) VALUES (10, 97);
INSERT INTO `store`.`category_has_good` (`category_id`, `good_id`) VALUES (1, 98);
INSERT INTO `store`.`category_has_good` (`category_id`, `good_id`) VALUES (7, 98);
INSERT INTO `store`.`category_has_good` (`category_id`, `good_id`) VALUES (9, 98);
INSERT INTO `store`.`category_has_good` (`category_id`, `good_id`) VALUES (6, 99);
INSERT INTO `store`.`category_has_good` (`category_id`, `good_id`) VALUES (10, 99);
INSERT INTO `store`.`category_has_good` (`category_id`, `good_id`) VALUES (1, 100);
INSERT INTO `store`.`category_has_good` (`category_id`, `good_id`) VALUES (4, 100);
INSERT INTO `store`.`category_has_good` (`category_id`, `good_id`) VALUES (7, 100);
INSERT INTO `store`.`category_has_good` (`category_id`, `good_id`) VALUES (9, 100);

COMMIT;


-- -----------------------------------------------------
-- Data for table `store`.`status`
-- -----------------------------------------------------
START TRANSACTION;
USE `store`;
INSERT INTO `store`.`status` (`id`, `name`) VALUES (1, 'new');
INSERT INTO `store`.`status` (`id`, `name`) VALUES (2, 'process');
INSERT INTO `store`.`status` (`id`, `name`) VALUES (3, 'assembly');
INSERT INTO `store`.`status` (`id`, `name`) VALUES (4, 'ready');
INSERT INTO `store`.`status` (`id`, `name`) VALUES (5, 'delivering');
INSERT INTO `store`.`status` (`id`, `name`) VALUES (6, 'issued');
INSERT INTO `store`.`status` (`id`, `name`) VALUES (7, 'rejected');

COMMIT;


-- -----------------------------------------------------
-- Data for table `store`.`source`
-- -----------------------------------------------------
START TRANSACTION;
USE `store`;
INSERT INTO `store`.`source` (`id`, `name`) VALUES (1, 'Direct link');
INSERT INTO `store`.`source` (`id`, `name`) VALUES (2, 'Google search');
INSERT INTO `store`.`source` (`id`, `name`) VALUES (3, 'Campaign');
INSERT INTO `store`.`source` (`id`, `name`) VALUES (4, 'AdWords');
INSERT INTO `store`.`source` (`id`, `name`) VALUES (5, 'Advertisement');
INSERT INTO `store`.`source` (`id`, `name`) VALUES (6, 'Banner');
INSERT INTO `store`.`source` (`id`, `name`) VALUES (7, 'SN');

COMMIT;


-- -----------------------------------------------------
-- Data for table `store`.`client`
-- -----------------------------------------------------
START TRANSACTION;
USE `store`;
INSERT INTO `store`.`client` (`id`, `code`, `first_name`, `last_name`, `source_id`) VALUES (1, 'client_1', 'Kristy', 'Dean', 5);
INSERT INTO `store`.`client` (`id`, `code`, `first_name`, `last_name`, `source_id`) VALUES (2, 'client_2', 'Ellis', 'Ortega', 1);
INSERT INTO `store`.`client` (`id`, `code`, `first_name`, `last_name`, `source_id`) VALUES (3, 'client_3', 'Joseph', 'Bridges', 4);
INSERT INTO `store`.`client` (`id`, `code`, `first_name`, `last_name`, `source_id`) VALUES (4, 'client_4', 'Brandon', 'Porter', 3);
INSERT INTO `store`.`client` (`id`, `code`, `first_name`, `last_name`, `source_id`) VALUES (5, 'client_5', 'Lowell', 'Hamilton', 5);
INSERT INTO `store`.`client` (`id`, `code`, `first_name`, `last_name`, `source_id`) VALUES (6, 'client_6', 'Sherman', 'Rogers', 1);
INSERT INTO `store`.`client` (`id`, `code`, `first_name`, `last_name`, `source_id`) VALUES (7, 'client_7', 'Bessie', 'Reynolds', 7);
INSERT INTO `store`.`client` (`id`, `code`, `first_name`, `last_name`, `source_id`) VALUES (8, 'client_8', 'Willie', 'Day', 2);
INSERT INTO `store`.`client` (`id`, `code`, `first_name`, `last_name`, `source_id`) VALUES (9, 'client_9', 'Maggie', 'Jennings', 5);
INSERT INTO `store`.`client` (`id`, `code`, `first_name`, `last_name`, `source_id`) VALUES (10, 'client_10', 'Gene', 'Copeland', 7);

COMMIT;


-- -----------------------------------------------------
-- Data for table `store`.`sale`
-- -----------------------------------------------------
START TRANSACTION;
USE `store`;
INSERT INTO `store`.`sale` (`id`, `client_id`, `number`, `dt_created`, `dt_modified`, `sale_sum`, `status_id`) VALUES (1, 6, 'ORD_1', '22.04.2015', '04.06.2015', 7134.00, 7);
INSERT INTO `store`.`sale` (`id`, `client_id`, `number`, `dt_created`, `dt_modified`, `sale_sum`, `status_id`) VALUES (2, 9, 'ORD_2', '20.04.2015', '24.06.2015', 9650.00, 2);
INSERT INTO `store`.`sale` (`id`, `client_id`, `number`, `dt_created`, `dt_modified`, `sale_sum`, `status_id`) VALUES (3, 7, 'ORD_3', '10.01.2015', '24.06.2015', 4296.00, 5);
INSERT INTO `store`.`sale` (`id`, `client_id`, `number`, `dt_created`, `dt_modified`, `sale_sum`, `status_id`) VALUES (4, 1, 'ORD_4', '19.03.2015', '12.06.2015', 5122.00, 3);
INSERT INTO `store`.`sale` (`id`, `client_id`, `number`, `dt_created`, `dt_modified`, `sale_sum`, `status_id`) VALUES (5, 3, 'ORD_5', '30.03.2015', '19.05.2015', 3807.00, 3);
INSERT INTO `store`.`sale` (`id`, `client_id`, `number`, `dt_created`, `dt_modified`, `sale_sum`, `status_id`) VALUES (6, 7, 'ORD_6', '06.03.2015', '15.05.2015', 1347.00, 4);
INSERT INTO `store`.`sale` (`id`, `client_id`, `number`, `dt_created`, `dt_modified`, `sale_sum`, `status_id`) VALUES (7, 3, 'ORD_7', '16.06.2015', '30.06.2015', 5160.00, 4);
INSERT INTO `store`.`sale` (`id`, `client_id`, `number`, `dt_created`, `dt_modified`, `sale_sum`, `status_id`) VALUES (8, 6, 'ORD_8', '20.04.2015', '04.06.2015', 3904.00, 7);
INSERT INTO `store`.`sale` (`id`, `client_id`, `number`, `dt_created`, `dt_modified`, `sale_sum`, `status_id`) VALUES (9, 1, 'ORD_9', '22.03.2015', '14.05.2015', 4577.00, 4);
INSERT INTO `store`.`sale` (`id`, `client_id`, `number`, `dt_created`, `dt_modified`, `sale_sum`, `status_id`) VALUES (10, 3, 'ORD_10', '30.06.2015', '30.06.2015', 5201.00, 4);
INSERT INTO `store`.`sale` (`id`, `client_id`, `number`, `dt_created`, `dt_modified`, `sale_sum`, `status_id`) VALUES (11, 5, 'ORD_11', '16.02.2015', '29.05.2015', 5631.00, 2);
INSERT INTO `store`.`sale` (`id`, `client_id`, `number`, `dt_created`, `dt_modified`, `sale_sum`, `status_id`) VALUES (12, 7, 'ORD_12', '22.01.2015', '25.01.2015', 3298.00, 5);
INSERT INTO `store`.`sale` (`id`, `client_id`, `number`, `dt_created`, `dt_modified`, `sale_sum`, `status_id`) VALUES (13, 10, 'ORD_13', '16.05.2015', '11.06.2015', 9593.00, 2);
INSERT INTO `store`.`sale` (`id`, `client_id`, `number`, `dt_created`, `dt_modified`, `sale_sum`, `status_id`) VALUES (14, 8, 'ORD_14', '13.03.2015', '23.05.2015', 7703.00, 2);
INSERT INTO `store`.`sale` (`id`, `client_id`, `number`, `dt_created`, `dt_modified`, `sale_sum`, `status_id`) VALUES (15, 1, 'ORD_15', '21.02.2015', '17.05.2015', 3230.00, 2);
INSERT INTO `store`.`sale` (`id`, `client_id`, `number`, `dt_created`, `dt_modified`, `sale_sum`, `status_id`) VALUES (16, 9, 'ORD_16', '28.03.2015', '04.04.2015', 9157.00, 5);
INSERT INTO `store`.`sale` (`id`, `client_id`, `number`, `dt_created`, `dt_modified`, `sale_sum`, `status_id`) VALUES (17, 2, 'ORD_17', '04.02.2015', '09.06.2015', 5321.00, 7);
INSERT INTO `store`.`sale` (`id`, `client_id`, `number`, `dt_created`, `dt_modified`, `sale_sum`, `status_id`) VALUES (18, 1, 'ORD_18', '21.05.2015', '16.06.2015', 8012.00, 4);
INSERT INTO `store`.`sale` (`id`, `client_id`, `number`, `dt_created`, `dt_modified`, `sale_sum`, `status_id`) VALUES (19, 9, 'ORD_19', '03.03.2015', '10.04.2015', 7666.00, 3);
INSERT INTO `store`.`sale` (`id`, `client_id`, `number`, `dt_created`, `dt_modified`, `sale_sum`, `status_id`) VALUES (20, 7, 'ORD_20', '29.01.2015', '28.05.2015', 7857.00, 5);
INSERT INTO `store`.`sale` (`id`, `client_id`, `number`, `dt_created`, `dt_modified`, `sale_sum`, `status_id`) VALUES (21, 7, 'ORD_21', '11.03.2015', '15.06.2015', 5540.00, 5);
INSERT INTO `store`.`sale` (`id`, `client_id`, `number`, `dt_created`, `dt_modified`, `sale_sum`, `status_id`) VALUES (22, 1, 'ORD_22', '14.04.2015', '24.05.2015', 1955.00, 2);
INSERT INTO `store`.`sale` (`id`, `client_id`, `number`, `dt_created`, `dt_modified`, `sale_sum`, `status_id`) VALUES (23, 4, 'ORD_23', '26.02.2015', '31.05.2015', 1902.00, 6);
INSERT INTO `store`.`sale` (`id`, `client_id`, `number`, `dt_created`, `dt_modified`, `sale_sum`, `status_id`) VALUES (24, 5, 'ORD_24', '09.05.2015', '12.06.2015', 9967.00, 4);
INSERT INTO `store`.`sale` (`id`, `client_id`, `number`, `dt_created`, `dt_modified`, `sale_sum`, `status_id`) VALUES (25, 3, 'ORD_25', '26.06.2015', '28.06.2015', 2583.00, 1);
INSERT INTO `store`.`sale` (`id`, `client_id`, `number`, `dt_created`, `dt_modified`, `sale_sum`, `status_id`) VALUES (26, 9, 'ORD_26', '28.06.2015', '28.06.2015', 5091.00, 4);
INSERT INTO `store`.`sale` (`id`, `client_id`, `number`, `dt_created`, `dt_modified`, `sale_sum`, `status_id`) VALUES (27, 6, 'ORD_27', '26.06.2015', '29.06.2015', 2859.00, 3);
INSERT INTO `store`.`sale` (`id`, `client_id`, `number`, `dt_created`, `dt_modified`, `sale_sum`, `status_id`) VALUES (28, 8, 'ORD_28', '16.01.2015', '01.03.2015', 1512.00, 1);
INSERT INTO `store`.`sale` (`id`, `client_id`, `number`, `dt_created`, `dt_modified`, `sale_sum`, `status_id`) VALUES (29, 4, 'ORD_29', '08.04.2015', '15.06.2015', 6719.00, 7);
INSERT INTO `store`.`sale` (`id`, `client_id`, `number`, `dt_created`, `dt_modified`, `sale_sum`, `status_id`) VALUES (30, 1, 'ORD_30', '16.04.2015', '17.04.2015', 5308.00, 6);
INSERT INTO `store`.`sale` (`id`, `client_id`, `number`, `dt_created`, `dt_modified`, `sale_sum`, `status_id`) VALUES (31, 7, 'ORD_31', '09.06.2015', '12.06.2015', 1294.00, 4);
INSERT INTO `store`.`sale` (`id`, `client_id`, `number`, `dt_created`, `dt_modified`, `sale_sum`, `status_id`) VALUES (32, 7, 'ORD_32', '11.03.2015', '25.03.2015', 1426.00, 1);
INSERT INTO `store`.`sale` (`id`, `client_id`, `number`, `dt_created`, `dt_modified`, `sale_sum`, `status_id`) VALUES (33, 2, 'ORD_33', '02.01.2015', '08.03.2015', 8731.00, 6);
INSERT INTO `store`.`sale` (`id`, `client_id`, `number`, `dt_created`, `dt_modified`, `sale_sum`, `status_id`) VALUES (34, 9, 'ORD_34', '07.01.2015', '09.03.2015', 8983.00, 2);
INSERT INTO `store`.`sale` (`id`, `client_id`, `number`, `dt_created`, `dt_modified`, `sale_sum`, `status_id`) VALUES (35, 7, 'ORD_35', '14.06.2015', '18.06.2015', 9898.00, 6);
INSERT INTO `store`.`sale` (`id`, `client_id`, `number`, `dt_created`, `dt_modified`, `sale_sum`, `status_id`) VALUES (36, 7, 'ORD_36', '25.04.2015', '15.06.2015', 3148.00, 5);
INSERT INTO `store`.`sale` (`id`, `client_id`, `number`, `dt_created`, `dt_modified`, `sale_sum`, `status_id`) VALUES (37, 4, 'ORD_37', '02.05.2015', '11.06.2015', 6571.00, 5);
INSERT INTO `store`.`sale` (`id`, `client_id`, `number`, `dt_created`, `dt_modified`, `sale_sum`, `status_id`) VALUES (38, 8, 'ORD_38', '07.01.2015', '07.01.2015', 9104.00, 2);
INSERT INTO `store`.`sale` (`id`, `client_id`, `number`, `dt_created`, `dt_modified`, `sale_sum`, `status_id`) VALUES (39, 3, 'ORD_39', '07.05.2015', '20.06.2015', 7453.00, 7);
INSERT INTO `store`.`sale` (`id`, `client_id`, `number`, `dt_created`, `dt_modified`, `sale_sum`, `status_id`) VALUES (40, 7, 'ORD_40', '30.04.2015', '09.06.2015', 9788.00, 5);
INSERT INTO `store`.`sale` (`id`, `client_id`, `number`, `dt_created`, `dt_modified`, `sale_sum`, `status_id`) VALUES (41, 6, 'ORD_41', '25.03.2015', '25.04.2015', 8896.00, 7);
INSERT INTO `store`.`sale` (`id`, `client_id`, `number`, `dt_created`, `dt_modified`, `sale_sum`, `status_id`) VALUES (42, 4, 'ORD_42', '03.04.2015', '21.05.2015', 3874.00, 5);
INSERT INTO `store`.`sale` (`id`, `client_id`, `number`, `dt_created`, `dt_modified`, `sale_sum`, `status_id`) VALUES (43, 7, 'ORD_43', '24.03.2015', '01.05.2015', 5435.00, 4);
INSERT INTO `store`.`sale` (`id`, `client_id`, `number`, `dt_created`, `dt_modified`, `sale_sum`, `status_id`) VALUES (44, 3, 'ORD_44', '18.05.2015', '29.06.2015', 8962.00, 2);
INSERT INTO `store`.`sale` (`id`, `client_id`, `number`, `dt_created`, `dt_modified`, `sale_sum`, `status_id`) VALUES (45, 3, 'ORD_45', '12.06.2015', '13.06.2015', 2799.00, 4);
INSERT INTO `store`.`sale` (`id`, `client_id`, `number`, `dt_created`, `dt_modified`, `sale_sum`, `status_id`) VALUES (46, 2, 'ORD_46', '27.04.2015', '04.05.2015', 8084.00, 5);
INSERT INTO `store`.`sale` (`id`, `client_id`, `number`, `dt_created`, `dt_modified`, `sale_sum`, `status_id`) VALUES (47, 9, 'ORD_47', '01.05.2015', '23.06.2015', 8269.00, 1);
INSERT INTO `store`.`sale` (`id`, `client_id`, `number`, `dt_created`, `dt_modified`, `sale_sum`, `status_id`) VALUES (48, 8, 'ORD_48', '05.06.2015', '12.06.2015', 8331.00, 6);
INSERT INTO `store`.`sale` (`id`, `client_id`, `number`, `dt_created`, `dt_modified`, `sale_sum`, `status_id`) VALUES (49, 1, 'ORD_49', '28.02.2015', '02.06.2015', 6165.00, 7);
INSERT INTO `store`.`sale` (`id`, `client_id`, `number`, `dt_created`, `dt_modified`, `sale_sum`, `status_id`) VALUES (50, 7, 'ORD_50', '27.06.2015', '30.06.2015', 8558.00, 3);
INSERT INTO `store`.`sale` (`id`, `client_id`, `number`, `dt_created`, `dt_modified`, `sale_sum`, `status_id`) VALUES (51, 9, 'ORD_51', '15.02.2015', '10.03.2015', 9764.00, 2);
INSERT INTO `store`.`sale` (`id`, `client_id`, `number`, `dt_created`, `dt_modified`, `sale_sum`, `status_id`) VALUES (52, 5, 'ORD_52', '02.04.2015', '10.04.2015', 3625.00, 3);
INSERT INTO `store`.`sale` (`id`, `client_id`, `number`, `dt_created`, `dt_modified`, `sale_sum`, `status_id`) VALUES (53, 7, 'ORD_53', '27.04.2015', '10.05.2015', 1203.00, 4);
INSERT INTO `store`.`sale` (`id`, `client_id`, `number`, `dt_created`, `dt_modified`, `sale_sum`, `status_id`) VALUES (54, 5, 'ORD_54', '30.03.2015', '15.05.2015', 8909.00, 4);
INSERT INTO `store`.`sale` (`id`, `client_id`, `number`, `dt_created`, `dt_modified`, `sale_sum`, `status_id`) VALUES (55, 4, 'ORD_55', '25.04.2015', '09.05.2015', 1072.00, 1);
INSERT INTO `store`.`sale` (`id`, `client_id`, `number`, `dt_created`, `dt_modified`, `sale_sum`, `status_id`) VALUES (56, 9, 'ORD_56', '12.02.2015', '15.06.2015', 7347.00, 3);
INSERT INTO `store`.`sale` (`id`, `client_id`, `number`, `dt_created`, `dt_modified`, `sale_sum`, `status_id`) VALUES (57, 6, 'ORD_57', '25.02.2015', '31.03.2015', 9122.00, 6);
INSERT INTO `store`.`sale` (`id`, `client_id`, `number`, `dt_created`, `dt_modified`, `sale_sum`, `status_id`) VALUES (58, 6, 'ORD_58', '14.05.2015', '15.06.2015', 6913.00, 6);
INSERT INTO `store`.`sale` (`id`, `client_id`, `number`, `dt_created`, `dt_modified`, `sale_sum`, `status_id`) VALUES (59, 4, 'ORD_59', '24.03.2015', '26.03.2015', 7443.00, 4);
INSERT INTO `store`.`sale` (`id`, `client_id`, `number`, `dt_created`, `dt_modified`, `sale_sum`, `status_id`) VALUES (60, 5, 'ORD_60', '17.02.2015', '16.03.2015', 9143.00, 7);
INSERT INTO `store`.`sale` (`id`, `client_id`, `number`, `dt_created`, `dt_modified`, `sale_sum`, `status_id`) VALUES (61, 7, 'ORD_61', '21.02.2015', '26.05.2015', 9675.00, 1);
INSERT INTO `store`.`sale` (`id`, `client_id`, `number`, `dt_created`, `dt_modified`, `sale_sum`, `status_id`) VALUES (62, 9, 'ORD_62', '03.04.2015', '29.05.2015', 4082.00, 3);
INSERT INTO `store`.`sale` (`id`, `client_id`, `number`, `dt_created`, `dt_modified`, `sale_sum`, `status_id`) VALUES (63, 2, 'ORD_63', '13.05.2015', '19.05.2015', 3901.00, 7);
INSERT INTO `store`.`sale` (`id`, `client_id`, `number`, `dt_created`, `dt_modified`, `sale_sum`, `status_id`) VALUES (64, 6, 'ORD_64', '16.02.2015', '02.04.2015', 4713.00, 1);
INSERT INTO `store`.`sale` (`id`, `client_id`, `number`, `dt_created`, `dt_modified`, `sale_sum`, `status_id`) VALUES (65, 10, 'ORD_65', '08.02.2015', '19.04.2015', 7182.00, 2);
INSERT INTO `store`.`sale` (`id`, `client_id`, `number`, `dt_created`, `dt_modified`, `sale_sum`, `status_id`) VALUES (66, 9, 'ORD_66', '09.02.2015', '28.04.2015', 8220.00, 3);
INSERT INTO `store`.`sale` (`id`, `client_id`, `number`, `dt_created`, `dt_modified`, `sale_sum`, `status_id`) VALUES (67, 10, 'ORD_67', '29.01.2015', '15.02.2015', 5997.00, 7);
INSERT INTO `store`.`sale` (`id`, `client_id`, `number`, `dt_created`, `dt_modified`, `sale_sum`, `status_id`) VALUES (68, 4, 'ORD_68', '22.06.2015', '29.06.2015', 9841.00, 7);
INSERT INTO `store`.`sale` (`id`, `client_id`, `number`, `dt_created`, `dt_modified`, `sale_sum`, `status_id`) VALUES (69, 2, 'ORD_69', '01.03.2015', '14.04.2015', 6110.00, 5);
INSERT INTO `store`.`sale` (`id`, `client_id`, `number`, `dt_created`, `dt_modified`, `sale_sum`, `status_id`) VALUES (70, 6, 'ORD_70', '31.05.2015', '11.06.2015', 5905.00, 5);
INSERT INTO `store`.`sale` (`id`, `client_id`, `number`, `dt_created`, `dt_modified`, `sale_sum`, `status_id`) VALUES (71, 4, 'ORD_71', '06.06.2015', '14.06.2015', 1579.00, 6);
INSERT INTO `store`.`sale` (`id`, `client_id`, `number`, `dt_created`, `dt_modified`, `sale_sum`, `status_id`) VALUES (72, 6, 'ORD_72', '17.03.2015', '14.06.2015', 2131.00, 7);
INSERT INTO `store`.`sale` (`id`, `client_id`, `number`, `dt_created`, `dt_modified`, `sale_sum`, `status_id`) VALUES (73, 8, 'ORD_73', '19.01.2015', '28.02.2015', 4947.00, 2);
INSERT INTO `store`.`sale` (`id`, `client_id`, `number`, `dt_created`, `dt_modified`, `sale_sum`, `status_id`) VALUES (74, 3, 'ORD_74', '31.01.2015', '01.05.2015', 3362.00, 4);
INSERT INTO `store`.`sale` (`id`, `client_id`, `number`, `dt_created`, `dt_modified`, `sale_sum`, `status_id`) VALUES (75, 3, 'ORD_75', '03.06.2015', '30.06.2015', 2397.00, 1);
INSERT INTO `store`.`sale` (`id`, `client_id`, `number`, `dt_created`, `dt_modified`, `sale_sum`, `status_id`) VALUES (76, 2, 'ORD_76', '04.04.2015', '04.06.2015', 1583.00, 3);
INSERT INTO `store`.`sale` (`id`, `client_id`, `number`, `dt_created`, `dt_modified`, `sale_sum`, `status_id`) VALUES (77, 9, 'ORD_77', '18.04.2015', '07.05.2015', 3818.00, 5);
INSERT INTO `store`.`sale` (`id`, `client_id`, `number`, `dt_created`, `dt_modified`, `sale_sum`, `status_id`) VALUES (78, 5, 'ORD_78', '17.01.2015', '03.03.2015', 1616.00, 7);
INSERT INTO `store`.`sale` (`id`, `client_id`, `number`, `dt_created`, `dt_modified`, `sale_sum`, `status_id`) VALUES (79, 8, 'ORD_79', '14.03.2015', '16.04.2015', 7521.00, 3);
INSERT INTO `store`.`sale` (`id`, `client_id`, `number`, `dt_created`, `dt_modified`, `sale_sum`, `status_id`) VALUES (80, 8, 'ORD_80', '02.01.2015', '18.01.2015', 1065.00, 4);
INSERT INTO `store`.`sale` (`id`, `client_id`, `number`, `dt_created`, `dt_modified`, `sale_sum`, `status_id`) VALUES (81, 1, 'ORD_81', '28.02.2015', '01.06.2015', 2461.00, 6);
INSERT INTO `store`.`sale` (`id`, `client_id`, `number`, `dt_created`, `dt_modified`, `sale_sum`, `status_id`) VALUES (82, 4, 'ORD_82', '22.04.2015', '03.06.2015', 5180.00, 2);
INSERT INTO `store`.`sale` (`id`, `client_id`, `number`, `dt_created`, `dt_modified`, `sale_sum`, `status_id`) VALUES (83, 3, 'ORD_83', '20.06.2015', '30.06.2015', 1244.00, 6);
INSERT INTO `store`.`sale` (`id`, `client_id`, `number`, `dt_created`, `dt_modified`, `sale_sum`, `status_id`) VALUES (84, 3, 'ORD_84', '05.01.2015', '12.04.2015', 3756.00, 3);
INSERT INTO `store`.`sale` (`id`, `client_id`, `number`, `dt_created`, `dt_modified`, `sale_sum`, `status_id`) VALUES (85, 7, 'ORD_85', '20.06.2015', '27.06.2015', 9478.00, 4);
INSERT INTO `store`.`sale` (`id`, `client_id`, `number`, `dt_created`, `dt_modified`, `sale_sum`, `status_id`) VALUES (86, 3, 'ORD_86', '16.06.2015', '28.06.2015', 3085.00, 2);
INSERT INTO `store`.`sale` (`id`, `client_id`, `number`, `dt_created`, `dt_modified`, `sale_sum`, `status_id`) VALUES (87, 4, 'ORD_87', '05.01.2015', '19.02.2015', 8082.00, 2);
INSERT INTO `store`.`sale` (`id`, `client_id`, `number`, `dt_created`, `dt_modified`, `sale_sum`, `status_id`) VALUES (88, 6, 'ORD_88', '06.03.2015', '07.06.2015', 7538.00, 3);
INSERT INTO `store`.`sale` (`id`, `client_id`, `number`, `dt_created`, `dt_modified`, `sale_sum`, `status_id`) VALUES (89, 10, 'ORD_89', '10.05.2015', '15.06.2015', 1520.00, 7);
INSERT INTO `store`.`sale` (`id`, `client_id`, `number`, `dt_created`, `dt_modified`, `sale_sum`, `status_id`) VALUES (90, 7, 'ORD_90', '14.04.2015', '30.04.2015', 7884.00, 1);
INSERT INTO `store`.`sale` (`id`, `client_id`, `number`, `dt_created`, `dt_modified`, `sale_sum`, `status_id`) VALUES (91, 5, 'ORD_91', '04.04.2015', '01.06.2015', 3342.00, 5);
INSERT INTO `store`.`sale` (`id`, `client_id`, `number`, `dt_created`, `dt_modified`, `sale_sum`, `status_id`) VALUES (92, 6, 'ORD_92', '15.05.2015', '18.05.2015', 3510.00, 4);
INSERT INTO `store`.`sale` (`id`, `client_id`, `number`, `dt_created`, `dt_modified`, `sale_sum`, `status_id`) VALUES (93, 7, 'ORD_93', '20.03.2015', '16.04.2015', 7904.00, 4);
INSERT INTO `store`.`sale` (`id`, `client_id`, `number`, `dt_created`, `dt_modified`, `sale_sum`, `status_id`) VALUES (94, 1, 'ORD_94', '27.02.2015', '14.06.2015', 8384.00, 4);
INSERT INTO `store`.`sale` (`id`, `client_id`, `number`, `dt_created`, `dt_modified`, `sale_sum`, `status_id`) VALUES (95, 8, 'ORD_95', '09.01.2015', '27.03.2015', 2947.00, 3);
INSERT INTO `store`.`sale` (`id`, `client_id`, `number`, `dt_created`, `dt_modified`, `sale_sum`, `status_id`) VALUES (96, 4, 'ORD_96', '23.04.2015', '12.06.2015', 8694.00, 1);
INSERT INTO `store`.`sale` (`id`, `client_id`, `number`, `dt_created`, `dt_modified`, `sale_sum`, `status_id`) VALUES (97, 8, 'ORD_97', '23.05.2015', '14.06.2015', 1225.00, 3);
INSERT INTO `store`.`sale` (`id`, `client_id`, `number`, `dt_created`, `dt_modified`, `sale_sum`, `status_id`) VALUES (98, 10, 'ORD_98', '13.04.2015', '06.05.2015', 5506.00, 5);
INSERT INTO `store`.`sale` (`id`, `client_id`, `number`, `dt_created`, `dt_modified`, `sale_sum`, `status_id`) VALUES (99, 7, 'ORD_99', '19.02.2015', '25.03.2015', 1442.00, 3);
INSERT INTO `store`.`sale` (`id`, `client_id`, `number`, `dt_created`, `dt_modified`, `sale_sum`, `status_id`) VALUES (100, 1, 'ORD_100', '03.01.2015', '27.06.2015', 7264.00, 5);

COMMIT;


-- -----------------------------------------------------
-- Data for table `store`.`sale_has_good`
-- -----------------------------------------------------
START TRANSACTION;
USE `store`;
INSERT INTO `store`.`sale_has_good` (`sale_id`, `good_id`) VALUES (8, 1);
INSERT INTO `store`.`sale_has_good` (`sale_id`, `good_id`) VALUES (19, 1);
INSERT INTO `store`.`sale_has_good` (`sale_id`, `good_id`) VALUES (27, 1);
INSERT INTO `store`.`sale_has_good` (`sale_id`, `good_id`) VALUES (29, 1);
INSERT INTO `store`.`sale_has_good` (`sale_id`, `good_id`) VALUES (33, 1);
INSERT INTO `store`.`sale_has_good` (`sale_id`, `good_id`) VALUES (71, 1);
INSERT INTO `store`.`sale_has_good` (`sale_id`, `good_id`) VALUES (72, 1);
INSERT INTO `store`.`sale_has_good` (`sale_id`, `good_id`) VALUES (83, 1);
INSERT INTO `store`.`sale_has_good` (`sale_id`, `good_id`) VALUES (87, 1);
INSERT INTO `store`.`sale_has_good` (`sale_id`, `good_id`) VALUES (4, 2);
INSERT INTO `store`.`sale_has_good` (`sale_id`, `good_id`) VALUES (15, 2);
INSERT INTO `store`.`sale_has_good` (`sale_id`, `good_id`) VALUES (23, 2);
INSERT INTO `store`.`sale_has_good` (`sale_id`, `good_id`) VALUES (51, 2);
INSERT INTO `store`.`sale_has_good` (`sale_id`, `good_id`) VALUES (65, 2);
INSERT INTO `store`.`sale_has_good` (`sale_id`, `good_id`) VALUES (75, 2);
INSERT INTO `store`.`sale_has_good` (`sale_id`, `good_id`) VALUES (18, 3);
INSERT INTO `store`.`sale_has_good` (`sale_id`, `good_id`) VALUES (19, 3);
INSERT INTO `store`.`sale_has_good` (`sale_id`, `good_id`) VALUES (23, 3);
INSERT INTO `store`.`sale_has_good` (`sale_id`, `good_id`) VALUES (83, 3);
INSERT INTO `store`.`sale_has_good` (`sale_id`, `good_id`) VALUES (1, 4);
INSERT INTO `store`.`sale_has_good` (`sale_id`, `good_id`) VALUES (28, 4);
INSERT INTO `store`.`sale_has_good` (`sale_id`, `good_id`) VALUES (34, 4);
INSERT INTO `store`.`sale_has_good` (`sale_id`, `good_id`) VALUES (25, 5);
INSERT INTO `store`.`sale_has_good` (`sale_id`, `good_id`) VALUES (26, 5);
INSERT INTO `store`.`sale_has_good` (`sale_id`, `good_id`) VALUES (52, 5);
INSERT INTO `store`.`sale_has_good` (`sale_id`, `good_id`) VALUES (61, 5);
INSERT INTO `store`.`sale_has_good` (`sale_id`, `good_id`) VALUES (69, 5);
INSERT INTO `store`.`sale_has_good` (`sale_id`, `good_id`) VALUES (28, 7);
INSERT INTO `store`.`sale_has_good` (`sale_id`, `good_id`) VALUES (55, 7);
INSERT INTO `store`.`sale_has_good` (`sale_id`, `good_id`) VALUES (57, 7);
INSERT INTO `store`.`sale_has_good` (`sale_id`, `good_id`) VALUES (68, 7);
INSERT INTO `store`.`sale_has_good` (`sale_id`, `good_id`) VALUES (85, 7);
INSERT INTO `store`.`sale_has_good` (`sale_id`, `good_id`) VALUES (93, 7);
INSERT INTO `store`.`sale_has_good` (`sale_id`, `good_id`) VALUES (97, 7);
INSERT INTO `store`.`sale_has_good` (`sale_id`, `good_id`) VALUES (54, 8);
INSERT INTO `store`.`sale_has_good` (`sale_id`, `good_id`) VALUES (60, 8);
INSERT INTO `store`.`sale_has_good` (`sale_id`, `good_id`) VALUES (62, 8);
INSERT INTO `store`.`sale_has_good` (`sale_id`, `good_id`) VALUES (66, 8);
INSERT INTO `store`.`sale_has_good` (`sale_id`, `good_id`) VALUES (41, 9);
INSERT INTO `store`.`sale_has_good` (`sale_id`, `good_id`) VALUES (71, 9);
INSERT INTO `store`.`sale_has_good` (`sale_id`, `good_id`) VALUES (74, 9);
INSERT INTO `store`.`sale_has_good` (`sale_id`, `good_id`) VALUES (18, 10);
INSERT INTO `store`.`sale_has_good` (`sale_id`, `good_id`) VALUES (38, 10);
INSERT INTO `store`.`sale_has_good` (`sale_id`, `good_id`) VALUES (43, 10);
INSERT INTO `store`.`sale_has_good` (`sale_id`, `good_id`) VALUES (44, 10);
INSERT INTO `store`.`sale_has_good` (`sale_id`, `good_id`) VALUES (49, 10);
INSERT INTO `store`.`sale_has_good` (`sale_id`, `good_id`) VALUES (75, 10);
INSERT INTO `store`.`sale_has_good` (`sale_id`, `good_id`) VALUES (10, 11);
INSERT INTO `store`.`sale_has_good` (`sale_id`, `good_id`) VALUES (20, 11);
INSERT INTO `store`.`sale_has_good` (`sale_id`, `good_id`) VALUES (52, 11);
INSERT INTO `store`.`sale_has_good` (`sale_id`, `good_id`) VALUES (53, 11);
INSERT INTO `store`.`sale_has_good` (`sale_id`, `good_id`) VALUES (3, 12);
INSERT INTO `store`.`sale_has_good` (`sale_id`, `good_id`) VALUES (5, 12);
INSERT INTO `store`.`sale_has_good` (`sale_id`, `good_id`) VALUES (8, 12);
INSERT INTO `store`.`sale_has_good` (`sale_id`, `good_id`) VALUES (28, 12);
INSERT INTO `store`.`sale_has_good` (`sale_id`, `good_id`) VALUES (49, 12);
INSERT INTO `store`.`sale_has_good` (`sale_id`, `good_id`) VALUES (56, 12);
INSERT INTO `store`.`sale_has_good` (`sale_id`, `good_id`) VALUES (62, 12);
INSERT INTO `store`.`sale_has_good` (`sale_id`, `good_id`) VALUES (89, 12);
INSERT INTO `store`.`sale_has_good` (`sale_id`, `good_id`) VALUES (8, 13);
INSERT INTO `store`.`sale_has_good` (`sale_id`, `good_id`) VALUES (11, 13);
INSERT INTO `store`.`sale_has_good` (`sale_id`, `good_id`) VALUES (46, 13);
INSERT INTO `store`.`sale_has_good` (`sale_id`, `good_id`) VALUES (52, 13);
INSERT INTO `store`.`sale_has_good` (`sale_id`, `good_id`) VALUES (61, 13);
INSERT INTO `store`.`sale_has_good` (`sale_id`, `good_id`) VALUES (66, 13);
INSERT INTO `store`.`sale_has_good` (`sale_id`, `good_id`) VALUES (85, 13);
INSERT INTO `store`.`sale_has_good` (`sale_id`, `good_id`) VALUES (4, 14);
INSERT INTO `store`.`sale_has_good` (`sale_id`, `good_id`) VALUES (8, 14);
INSERT INTO `store`.`sale_has_good` (`sale_id`, `good_id`) VALUES (34, 14);
INSERT INTO `store`.`sale_has_good` (`sale_id`, `good_id`) VALUES (48, 14);
INSERT INTO `store`.`sale_has_good` (`sale_id`, `good_id`) VALUES (59, 14);
INSERT INTO `store`.`sale_has_good` (`sale_id`, `good_id`) VALUES (79, 14);
INSERT INTO `store`.`sale_has_good` (`sale_id`, `good_id`) VALUES (7, 15);
INSERT INTO `store`.`sale_has_good` (`sale_id`, `good_id`) VALUES (41, 15);
INSERT INTO `store`.`sale_has_good` (`sale_id`, `good_id`) VALUES (53, 15);
INSERT INTO `store`.`sale_has_good` (`sale_id`, `good_id`) VALUES (57, 15);
INSERT INTO `store`.`sale_has_good` (`sale_id`, `good_id`) VALUES (71, 15);
INSERT INTO `store`.`sale_has_good` (`sale_id`, `good_id`) VALUES (83, 15);
INSERT INTO `store`.`sale_has_good` (`sale_id`, `good_id`) VALUES (40, 16);
INSERT INTO `store`.`sale_has_good` (`sale_id`, `good_id`) VALUES (3, 17);
INSERT INTO `store`.`sale_has_good` (`sale_id`, `good_id`) VALUES (60, 17);
INSERT INTO `store`.`sale_has_good` (`sale_id`, `good_id`) VALUES (65, 17);
INSERT INTO `store`.`sale_has_good` (`sale_id`, `good_id`) VALUES (93, 17);
INSERT INTO `store`.`sale_has_good` (`sale_id`, `good_id`) VALUES (14, 18);
INSERT INTO `store`.`sale_has_good` (`sale_id`, `good_id`) VALUES (58, 18);
INSERT INTO `store`.`sale_has_good` (`sale_id`, `good_id`) VALUES (61, 18);
INSERT INTO `store`.`sale_has_good` (`sale_id`, `good_id`) VALUES (84, 18);
INSERT INTO `store`.`sale_has_good` (`sale_id`, `good_id`) VALUES (85, 18);
INSERT INTO `store`.`sale_has_good` (`sale_id`, `good_id`) VALUES (98, 19);
INSERT INTO `store`.`sale_has_good` (`sale_id`, `good_id`) VALUES (99, 19);
INSERT INTO `store`.`sale_has_good` (`sale_id`, `good_id`) VALUES (16, 20);
INSERT INTO `store`.`sale_has_good` (`sale_id`, `good_id`) VALUES (22, 20);
INSERT INTO `store`.`sale_has_good` (`sale_id`, `good_id`) VALUES (3, 21);
INSERT INTO `store`.`sale_has_good` (`sale_id`, `good_id`) VALUES (26, 21);
INSERT INTO `store`.`sale_has_good` (`sale_id`, `good_id`) VALUES (66, 21);
INSERT INTO `store`.`sale_has_good` (`sale_id`, `good_id`) VALUES (67, 21);
INSERT INTO `store`.`sale_has_good` (`sale_id`, `good_id`) VALUES (77, 21);
INSERT INTO `store`.`sale_has_good` (`sale_id`, `good_id`) VALUES (6, 22);
INSERT INTO `store`.`sale_has_good` (`sale_id`, `good_id`) VALUES (15, 22);
INSERT INTO `store`.`sale_has_good` (`sale_id`, `good_id`) VALUES (22, 22);
INSERT INTO `store`.`sale_has_good` (`sale_id`, `good_id`) VALUES (63, 22);
INSERT INTO `store`.`sale_has_good` (`sale_id`, `good_id`) VALUES (82, 22);
INSERT INTO `store`.`sale_has_good` (`sale_id`, `good_id`) VALUES (22, 23);
INSERT INTO `store`.`sale_has_good` (`sale_id`, `good_id`) VALUES (81, 23);
INSERT INTO `store`.`sale_has_good` (`sale_id`, `good_id`) VALUES (94, 23);
INSERT INTO `store`.`sale_has_good` (`sale_id`, `good_id`) VALUES (19, 24);
INSERT INTO `store`.`sale_has_good` (`sale_id`, `good_id`) VALUES (27, 24);
INSERT INTO `store`.`sale_has_good` (`sale_id`, `good_id`) VALUES (51, 24);
INSERT INTO `store`.`sale_has_good` (`sale_id`, `good_id`) VALUES (55, 24);
INSERT INTO `store`.`sale_has_good` (`sale_id`, `good_id`) VALUES (69, 24);
INSERT INTO `store`.`sale_has_good` (`sale_id`, `good_id`) VALUES (89, 24);
INSERT INTO `store`.`sale_has_good` (`sale_id`, `good_id`) VALUES (3, 25);
INSERT INTO `store`.`sale_has_good` (`sale_id`, `good_id`) VALUES (22, 25);
INSERT INTO `store`.`sale_has_good` (`sale_id`, `good_id`) VALUES (28, 25);
INSERT INTO `store`.`sale_has_good` (`sale_id`, `good_id`) VALUES (29, 25);
INSERT INTO `store`.`sale_has_good` (`sale_id`, `good_id`) VALUES (35, 25);
INSERT INTO `store`.`sale_has_good` (`sale_id`, `good_id`) VALUES (51, 25);
INSERT INTO `store`.`sale_has_good` (`sale_id`, `good_id`) VALUES (57, 25);
INSERT INTO `store`.`sale_has_good` (`sale_id`, `good_id`) VALUES (17, 26);
INSERT INTO `store`.`sale_has_good` (`sale_id`, `good_id`) VALUES (19, 26);
INSERT INTO `store`.`sale_has_good` (`sale_id`, `good_id`) VALUES (29, 26);
INSERT INTO `store`.`sale_has_good` (`sale_id`, `good_id`) VALUES (56, 26);
INSERT INTO `store`.`sale_has_good` (`sale_id`, `good_id`) VALUES (70, 26);
INSERT INTO `store`.`sale_has_good` (`sale_id`, `good_id`) VALUES (98, 26);
INSERT INTO `store`.`sale_has_good` (`sale_id`, `good_id`) VALUES (19, 27);
INSERT INTO `store`.`sale_has_good` (`sale_id`, `good_id`) VALUES (31, 27);
INSERT INTO `store`.`sale_has_good` (`sale_id`, `good_id`) VALUES (55, 27);
INSERT INTO `store`.`sale_has_good` (`sale_id`, `good_id`) VALUES (27, 28);
INSERT INTO `store`.`sale_has_good` (`sale_id`, `good_id`) VALUES (45, 28);
INSERT INTO `store`.`sale_has_good` (`sale_id`, `good_id`) VALUES (66, 28);
INSERT INTO `store`.`sale_has_good` (`sale_id`, `good_id`) VALUES (96, 28);
INSERT INTO `store`.`sale_has_good` (`sale_id`, `good_id`) VALUES (98, 28);
INSERT INTO `store`.`sale_has_good` (`sale_id`, `good_id`) VALUES (5, 29);
INSERT INTO `store`.`sale_has_good` (`sale_id`, `good_id`) VALUES (18, 29);
INSERT INTO `store`.`sale_has_good` (`sale_id`, `good_id`) VALUES (68, 29);
INSERT INTO `store`.`sale_has_good` (`sale_id`, `good_id`) VALUES (99, 29);
INSERT INTO `store`.`sale_has_good` (`sale_id`, `good_id`) VALUES (10, 30);
INSERT INTO `store`.`sale_has_good` (`sale_id`, `good_id`) VALUES (97, 30);
INSERT INTO `store`.`sale_has_good` (`sale_id`, `good_id`) VALUES (39, 31);
INSERT INTO `store`.`sale_has_good` (`sale_id`, `good_id`) VALUES (85, 31);
INSERT INTO `store`.`sale_has_good` (`sale_id`, `good_id`) VALUES (91, 31);
INSERT INTO `store`.`sale_has_good` (`sale_id`, `good_id`) VALUES (3, 32);
INSERT INTO `store`.`sale_has_good` (`sale_id`, `good_id`) VALUES (7, 32);
INSERT INTO `store`.`sale_has_good` (`sale_id`, `good_id`) VALUES (39, 32);
INSERT INTO `store`.`sale_has_good` (`sale_id`, `good_id`) VALUES (64, 32);
INSERT INTO `store`.`sale_has_good` (`sale_id`, `good_id`) VALUES (24, 33);
INSERT INTO `store`.`sale_has_good` (`sale_id`, `good_id`) VALUES (58, 33);
INSERT INTO `store`.`sale_has_good` (`sale_id`, `good_id`) VALUES (82, 33);
INSERT INTO `store`.`sale_has_good` (`sale_id`, `good_id`) VALUES (6, 34);
INSERT INTO `store`.`sale_has_good` (`sale_id`, `good_id`) VALUES (9, 34);
INSERT INTO `store`.`sale_has_good` (`sale_id`, `good_id`) VALUES (49, 34);
INSERT INTO `store`.`sale_has_good` (`sale_id`, `good_id`) VALUES (73, 34);
INSERT INTO `store`.`sale_has_good` (`sale_id`, `good_id`) VALUES (85, 34);
INSERT INTO `store`.`sale_has_good` (`sale_id`, `good_id`) VALUES (91, 34);
INSERT INTO `store`.`sale_has_good` (`sale_id`, `good_id`) VALUES (28, 35);
INSERT INTO `store`.`sale_has_good` (`sale_id`, `good_id`) VALUES (59, 35);
INSERT INTO `store`.`sale_has_good` (`sale_id`, `good_id`) VALUES (67, 35);
INSERT INTO `store`.`sale_has_good` (`sale_id`, `good_id`) VALUES (69, 35);
INSERT INTO `store`.`sale_has_good` (`sale_id`, `good_id`) VALUES (70, 35);
INSERT INTO `store`.`sale_has_good` (`sale_id`, `good_id`) VALUES (74, 35);
INSERT INTO `store`.`sale_has_good` (`sale_id`, `good_id`) VALUES (99, 35);
INSERT INTO `store`.`sale_has_good` (`sale_id`, `good_id`) VALUES (11, 36);
INSERT INTO `store`.`sale_has_good` (`sale_id`, `good_id`) VALUES (28, 36);
INSERT INTO `store`.`sale_has_good` (`sale_id`, `good_id`) VALUES (29, 36);
INSERT INTO `store`.`sale_has_good` (`sale_id`, `good_id`) VALUES (47, 36);
INSERT INTO `store`.`sale_has_good` (`sale_id`, `good_id`) VALUES (63, 36);
INSERT INTO `store`.`sale_has_good` (`sale_id`, `good_id`) VALUES (70, 36);
INSERT INTO `store`.`sale_has_good` (`sale_id`, `good_id`) VALUES (71, 36);
INSERT INTO `store`.`sale_has_good` (`sale_id`, `good_id`) VALUES (72, 36);
INSERT INTO `store`.`sale_has_good` (`sale_id`, `good_id`) VALUES (84, 36);
INSERT INTO `store`.`sale_has_good` (`sale_id`, `good_id`) VALUES (9, 37);
INSERT INTO `store`.`sale_has_good` (`sale_id`, `good_id`) VALUES (14, 37);
INSERT INTO `store`.`sale_has_good` (`sale_id`, `good_id`) VALUES (56, 37);
INSERT INTO `store`.`sale_has_good` (`sale_id`, `good_id`) VALUES (57, 37);
INSERT INTO `store`.`sale_has_good` (`sale_id`, `good_id`) VALUES (69, 37);
INSERT INTO `store`.`sale_has_good` (`sale_id`, `good_id`) VALUES (88, 37);
INSERT INTO `store`.`sale_has_good` (`sale_id`, `good_id`) VALUES (99, 37);
INSERT INTO `store`.`sale_has_good` (`sale_id`, `good_id`) VALUES (49, 38);
INSERT INTO `store`.`sale_has_good` (`sale_id`, `good_id`) VALUES (50, 38);
INSERT INTO `store`.`sale_has_good` (`sale_id`, `good_id`) VALUES (11, 39);
INSERT INTO `store`.`sale_has_good` (`sale_id`, `good_id`) VALUES (25, 39);
INSERT INTO `store`.`sale_has_good` (`sale_id`, `good_id`) VALUES (38, 39);
INSERT INTO `store`.`sale_has_good` (`sale_id`, `good_id`) VALUES (13, 40);
INSERT INTO `store`.`sale_has_good` (`sale_id`, `good_id`) VALUES (39, 40);
INSERT INTO `store`.`sale_has_good` (`sale_id`, `good_id`) VALUES (47, 40);
INSERT INTO `store`.`sale_has_good` (`sale_id`, `good_id`) VALUES (56, 40);
INSERT INTO `store`.`sale_has_good` (`sale_id`, `good_id`) VALUES (64, 40);
INSERT INTO `store`.`sale_has_good` (`sale_id`, `good_id`) VALUES (82, 40);
INSERT INTO `store`.`sale_has_good` (`sale_id`, `good_id`) VALUES (100, 40);
INSERT INTO `store`.`sale_has_good` (`sale_id`, `good_id`) VALUES (12, 41);
INSERT INTO `store`.`sale_has_good` (`sale_id`, `good_id`) VALUES (44, 41);
INSERT INTO `store`.`sale_has_good` (`sale_id`, `good_id`) VALUES (9, 42);
INSERT INTO `store`.`sale_has_good` (`sale_id`, `good_id`) VALUES (39, 42);
INSERT INTO `store`.`sale_has_good` (`sale_id`, `good_id`) VALUES (62, 42);
INSERT INTO `store`.`sale_has_good` (`sale_id`, `good_id`) VALUES (74, 42);
INSERT INTO `store`.`sale_has_good` (`sale_id`, `good_id`) VALUES (80, 42);
INSERT INTO `store`.`sale_has_good` (`sale_id`, `good_id`) VALUES (5, 43);
INSERT INTO `store`.`sale_has_good` (`sale_id`, `good_id`) VALUES (12, 43);
INSERT INTO `store`.`sale_has_good` (`sale_id`, `good_id`) VALUES (36, 43);
INSERT INTO `store`.`sale_has_good` (`sale_id`, `good_id`) VALUES (76, 43);
INSERT INTO `store`.`sale_has_good` (`sale_id`, `good_id`) VALUES (90, 43);
INSERT INTO `store`.`sale_has_good` (`sale_id`, `good_id`) VALUES (95, 43);
INSERT INTO `store`.`sale_has_good` (`sale_id`, `good_id`) VALUES (96, 43);
INSERT INTO `store`.`sale_has_good` (`sale_id`, `good_id`) VALUES (2, 44);
INSERT INTO `store`.`sale_has_good` (`sale_id`, `good_id`) VALUES (33, 44);
INSERT INTO `store`.`sale_has_good` (`sale_id`, `good_id`) VALUES (40, 44);
INSERT INTO `store`.`sale_has_good` (`sale_id`, `good_id`) VALUES (78, 44);
INSERT INTO `store`.`sale_has_good` (`sale_id`, `good_id`) VALUES (97, 44);
INSERT INTO `store`.`sale_has_good` (`sale_id`, `good_id`) VALUES (98, 44);
INSERT INTO `store`.`sale_has_good` (`sale_id`, `good_id`) VALUES (14, 45);
INSERT INTO `store`.`sale_has_good` (`sale_id`, `good_id`) VALUES (42, 45);
INSERT INTO `store`.`sale_has_good` (`sale_id`, `good_id`) VALUES (49, 45);
INSERT INTO `store`.`sale_has_good` (`sale_id`, `good_id`) VALUES (73, 45);
INSERT INTO `store`.`sale_has_good` (`sale_id`, `good_id`) VALUES (94, 45);
INSERT INTO `store`.`sale_has_good` (`sale_id`, `good_id`) VALUES (14, 46);
INSERT INTO `store`.`sale_has_good` (`sale_id`, `good_id`) VALUES (25, 46);
INSERT INTO `store`.`sale_has_good` (`sale_id`, `good_id`) VALUES (43, 46);
INSERT INTO `store`.`sale_has_good` (`sale_id`, `good_id`) VALUES (94, 46);
INSERT INTO `store`.`sale_has_good` (`sale_id`, `good_id`) VALUES (5, 47);
INSERT INTO `store`.`sale_has_good` (`sale_id`, `good_id`) VALUES (38, 47);
INSERT INTO `store`.`sale_has_good` (`sale_id`, `good_id`) VALUES (40, 47);
INSERT INTO `store`.`sale_has_good` (`sale_id`, `good_id`) VALUES (31, 48);
INSERT INTO `store`.`sale_has_good` (`sale_id`, `good_id`) VALUES (33, 48);
INSERT INTO `store`.`sale_has_good` (`sale_id`, `good_id`) VALUES (42, 48);
INSERT INTO `store`.`sale_has_good` (`sale_id`, `good_id`) VALUES (60, 48);
INSERT INTO `store`.`sale_has_good` (`sale_id`, `good_id`) VALUES (69, 48);
INSERT INTO `store`.`sale_has_good` (`sale_id`, `good_id`) VALUES (75, 48);
INSERT INTO `store`.`sale_has_good` (`sale_id`, `good_id`) VALUES (97, 48);
INSERT INTO `store`.`sale_has_good` (`sale_id`, `good_id`) VALUES (6, 49);
INSERT INTO `store`.`sale_has_good` (`sale_id`, `good_id`) VALUES (29, 49);
INSERT INTO `store`.`sale_has_good` (`sale_id`, `good_id`) VALUES (68, 49);
INSERT INTO `store`.`sale_has_good` (`sale_id`, `good_id`) VALUES (89, 49);
INSERT INTO `store`.`sale_has_good` (`sale_id`, `good_id`) VALUES (6, 50);
INSERT INTO `store`.`sale_has_good` (`sale_id`, `good_id`) VALUES (11, 50);
INSERT INTO `store`.`sale_has_good` (`sale_id`, `good_id`) VALUES (29, 50);
INSERT INTO `store`.`sale_has_good` (`sale_id`, `good_id`) VALUES (41, 50);
INSERT INTO `store`.`sale_has_good` (`sale_id`, `good_id`) VALUES (44, 50);
INSERT INTO `store`.`sale_has_good` (`sale_id`, `good_id`) VALUES (59, 50);
INSERT INTO `store`.`sale_has_good` (`sale_id`, `good_id`) VALUES (71, 50);
INSERT INTO `store`.`sale_has_good` (`sale_id`, `good_id`) VALUES (3, 51);
INSERT INTO `store`.`sale_has_good` (`sale_id`, `good_id`) VALUES (7, 51);
INSERT INTO `store`.`sale_has_good` (`sale_id`, `good_id`) VALUES (52, 51);
INSERT INTO `store`.`sale_has_good` (`sale_id`, `good_id`) VALUES (70, 51);
INSERT INTO `store`.`sale_has_good` (`sale_id`, `good_id`) VALUES (77, 51);
INSERT INTO `store`.`sale_has_good` (`sale_id`, `good_id`) VALUES (81, 51);
INSERT INTO `store`.`sale_has_good` (`sale_id`, `good_id`) VALUES (87, 51);
INSERT INTO `store`.`sale_has_good` (`sale_id`, `good_id`) VALUES (35, 52);
INSERT INTO `store`.`sale_has_good` (`sale_id`, `good_id`) VALUES (64, 52);
INSERT INTO `store`.`sale_has_good` (`sale_id`, `good_id`) VALUES (78, 52);
INSERT INTO `store`.`sale_has_good` (`sale_id`, `good_id`) VALUES (80, 52);
INSERT INTO `store`.`sale_has_good` (`sale_id`, `good_id`) VALUES (85, 52);
INSERT INTO `store`.`sale_has_good` (`sale_id`, `good_id`) VALUES (7, 53);
INSERT INTO `store`.`sale_has_good` (`sale_id`, `good_id`) VALUES (21, 53);
INSERT INTO `store`.`sale_has_good` (`sale_id`, `good_id`) VALUES (56, 53);
INSERT INTO `store`.`sale_has_good` (`sale_id`, `good_id`) VALUES (99, 53);
INSERT INTO `store`.`sale_has_good` (`sale_id`, `good_id`) VALUES (7, 54);
INSERT INTO `store`.`sale_has_good` (`sale_id`, `good_id`) VALUES (15, 54);
INSERT INTO `store`.`sale_has_good` (`sale_id`, `good_id`) VALUES (39, 54);
INSERT INTO `store`.`sale_has_good` (`sale_id`, `good_id`) VALUES (45, 54);
INSERT INTO `store`.`sale_has_good` (`sale_id`, `good_id`) VALUES (46, 54);
INSERT INTO `store`.`sale_has_good` (`sale_id`, `good_id`) VALUES (68, 54);
INSERT INTO `store`.`sale_has_good` (`sale_id`, `good_id`) VALUES (9, 55);
INSERT INTO `store`.`sale_has_good` (`sale_id`, `good_id`) VALUES (14, 55);
INSERT INTO `store`.`sale_has_good` (`sale_id`, `good_id`) VALUES (63, 55);
INSERT INTO `store`.`sale_has_good` (`sale_id`, `good_id`) VALUES (98, 55);
INSERT INTO `store`.`sale_has_good` (`sale_id`, `good_id`) VALUES (2, 56);
INSERT INTO `store`.`sale_has_good` (`sale_id`, `good_id`) VALUES (16, 56);
INSERT INTO `store`.`sale_has_good` (`sale_id`, `good_id`) VALUES (32, 56);
INSERT INTO `store`.`sale_has_good` (`sale_id`, `good_id`) VALUES (57, 56);
INSERT INTO `store`.`sale_has_good` (`sale_id`, `good_id`) VALUES (59, 56);
INSERT INTO `store`.`sale_has_good` (`sale_id`, `good_id`) VALUES (73, 56);
INSERT INTO `store`.`sale_has_good` (`sale_id`, `good_id`) VALUES (80, 56);
INSERT INTO `store`.`sale_has_good` (`sale_id`, `good_id`) VALUES (34, 57);
INSERT INTO `store`.`sale_has_good` (`sale_id`, `good_id`) VALUES (36, 57);
INSERT INTO `store`.`sale_has_good` (`sale_id`, `good_id`) VALUES (43, 57);
INSERT INTO `store`.`sale_has_good` (`sale_id`, `good_id`) VALUES (67, 57);
INSERT INTO `store`.`sale_has_good` (`sale_id`, `good_id`) VALUES (88, 57);
INSERT INTO `store`.`sale_has_good` (`sale_id`, `good_id`) VALUES (9, 58);
INSERT INTO `store`.`sale_has_good` (`sale_id`, `good_id`) VALUES (23, 58);
INSERT INTO `store`.`sale_has_good` (`sale_id`, `good_id`) VALUES (30, 58);
INSERT INTO `store`.`sale_has_good` (`sale_id`, `good_id`) VALUES (39, 58);
INSERT INTO `store`.`sale_has_good` (`sale_id`, `good_id`) VALUES (24, 59);
INSERT INTO `store`.`sale_has_good` (`sale_id`, `good_id`) VALUES (63, 59);
INSERT INTO `store`.`sale_has_good` (`sale_id`, `good_id`) VALUES (80, 59);
INSERT INTO `store`.`sale_has_good` (`sale_id`, `good_id`) VALUES (85, 59);
INSERT INTO `store`.`sale_has_good` (`sale_id`, `good_id`) VALUES (16, 60);
INSERT INTO `store`.`sale_has_good` (`sale_id`, `good_id`) VALUES (23, 60);
INSERT INTO `store`.`sale_has_good` (`sale_id`, `good_id`) VALUES (42, 60);
INSERT INTO `store`.`sale_has_good` (`sale_id`, `good_id`) VALUES (72, 60);
INSERT INTO `store`.`sale_has_good` (`sale_id`, `good_id`) VALUES (79, 60);
INSERT INTO `store`.`sale_has_good` (`sale_id`, `good_id`) VALUES (100, 60);
INSERT INTO `store`.`sale_has_good` (`sale_id`, `good_id`) VALUES (15, 61);
INSERT INTO `store`.`sale_has_good` (`sale_id`, `good_id`) VALUES (50, 61);
INSERT INTO `store`.`sale_has_good` (`sale_id`, `good_id`) VALUES (57, 61);
INSERT INTO `store`.`sale_has_good` (`sale_id`, `good_id`) VALUES (58, 61);
INSERT INTO `store`.`sale_has_good` (`sale_id`, `good_id`) VALUES (68, 61);
INSERT INTO `store`.`sale_has_good` (`sale_id`, `good_id`) VALUES (52, 62);
INSERT INTO `store`.`sale_has_good` (`sale_id`, `good_id`) VALUES (83, 62);
INSERT INTO `store`.`sale_has_good` (`sale_id`, `good_id`) VALUES (94, 62);
INSERT INTO `store`.`sale_has_good` (`sale_id`, `good_id`) VALUES (12, 63);
INSERT INTO `store`.`sale_has_good` (`sale_id`, `good_id`) VALUES (38, 63);
INSERT INTO `store`.`sale_has_good` (`sale_id`, `good_id`) VALUES (58, 63);
INSERT INTO `store`.`sale_has_good` (`sale_id`, `good_id`) VALUES (59, 63);
INSERT INTO `store`.`sale_has_good` (`sale_id`, `good_id`) VALUES (87, 63);
INSERT INTO `store`.`sale_has_good` (`sale_id`, `good_id`) VALUES (64, 64);
INSERT INTO `store`.`sale_has_good` (`sale_id`, `good_id`) VALUES (66, 64);
INSERT INTO `store`.`sale_has_good` (`sale_id`, `good_id`) VALUES (73, 64);
INSERT INTO `store`.`sale_has_good` (`sale_id`, `good_id`) VALUES (80, 64);
INSERT INTO `store`.`sale_has_good` (`sale_id`, `good_id`) VALUES (17, 65);
INSERT INTO `store`.`sale_has_good` (`sale_id`, `good_id`) VALUES (44, 65);
INSERT INTO `store`.`sale_has_good` (`sale_id`, `good_id`) VALUES (16, 66);
INSERT INTO `store`.`sale_has_good` (`sale_id`, `good_id`) VALUES (54, 66);
INSERT INTO `store`.`sale_has_good` (`sale_id`, `good_id`) VALUES (79, 66);
INSERT INTO `store`.`sale_has_good` (`sale_id`, `good_id`) VALUES (5, 67);
INSERT INTO `store`.`sale_has_good` (`sale_id`, `good_id`) VALUES (39, 67);
INSERT INTO `store`.`sale_has_good` (`sale_id`, `good_id`) VALUES (40, 67);
INSERT INTO `store`.`sale_has_good` (`sale_id`, `good_id`) VALUES (44, 67);
INSERT INTO `store`.`sale_has_good` (`sale_id`, `good_id`) VALUES (59, 67);
INSERT INTO `store`.`sale_has_good` (`sale_id`, `good_id`) VALUES (67, 67);
INSERT INTO `store`.`sale_has_good` (`sale_id`, `good_id`) VALUES (91, 67);
INSERT INTO `store`.`sale_has_good` (`sale_id`, `good_id`) VALUES (99, 67);
INSERT INTO `store`.`sale_has_good` (`sale_id`, `good_id`) VALUES (81, 68);
INSERT INTO `store`.`sale_has_good` (`sale_id`, `good_id`) VALUES (90, 68);
INSERT INTO `store`.`sale_has_good` (`sale_id`, `good_id`) VALUES (96, 68);
INSERT INTO `store`.`sale_has_good` (`sale_id`, `good_id`) VALUES (26, 69);
INSERT INTO `store`.`sale_has_good` (`sale_id`, `good_id`) VALUES (38, 69);
INSERT INTO `store`.`sale_has_good` (`sale_id`, `good_id`) VALUES (55, 69);
INSERT INTO `store`.`sale_has_good` (`sale_id`, `good_id`) VALUES (74, 69);
INSERT INTO `store`.`sale_has_good` (`sale_id`, `good_id`) VALUES (83, 69);
INSERT INTO `store`.`sale_has_good` (`sale_id`, `good_id`) VALUES (90, 69);
INSERT INTO `store`.`sale_has_good` (`sale_id`, `good_id`) VALUES (17, 70);
INSERT INTO `store`.`sale_has_good` (`sale_id`, `good_id`) VALUES (39, 70);
INSERT INTO `store`.`sale_has_good` (`sale_id`, `good_id`) VALUES (62, 70);
INSERT INTO `store`.`sale_has_good` (`sale_id`, `good_id`) VALUES (88, 70);
INSERT INTO `store`.`sale_has_good` (`sale_id`, `good_id`) VALUES (97, 70);
INSERT INTO `store`.`sale_has_good` (`sale_id`, `good_id`) VALUES (30, 71);
INSERT INTO `store`.`sale_has_good` (`sale_id`, `good_id`) VALUES (31, 71);
INSERT INTO `store`.`sale_has_good` (`sale_id`, `good_id`) VALUES (36, 71);
INSERT INTO `store`.`sale_has_good` (`sale_id`, `good_id`) VALUES (60, 71);
INSERT INTO `store`.`sale_has_good` (`sale_id`, `good_id`) VALUES (61, 71);
INSERT INTO `store`.`sale_has_good` (`sale_id`, `good_id`) VALUES (89, 71);
INSERT INTO `store`.`sale_has_good` (`sale_id`, `good_id`) VALUES (96, 71);
INSERT INTO `store`.`sale_has_good` (`sale_id`, `good_id`) VALUES (100, 71);
INSERT INTO `store`.`sale_has_good` (`sale_id`, `good_id`) VALUES (12, 72);
INSERT INTO `store`.`sale_has_good` (`sale_id`, `good_id`) VALUES (16, 72);
INSERT INTO `store`.`sale_has_good` (`sale_id`, `good_id`) VALUES (27, 72);
INSERT INTO `store`.`sale_has_good` (`sale_id`, `good_id`) VALUES (51, 72);
INSERT INTO `store`.`sale_has_good` (`sale_id`, `good_id`) VALUES (53, 72);
INSERT INTO `store`.`sale_has_good` (`sale_id`, `good_id`) VALUES (55, 72);
INSERT INTO `store`.`sale_has_good` (`sale_id`, `good_id`) VALUES (63, 72);
INSERT INTO `store`.`sale_has_good` (`sale_id`, `good_id`) VALUES (67, 72);
INSERT INTO `store`.`sale_has_good` (`sale_id`, `good_id`) VALUES (22, 73);
INSERT INTO `store`.`sale_has_good` (`sale_id`, `good_id`) VALUES (24, 73);
INSERT INTO `store`.`sale_has_good` (`sale_id`, `good_id`) VALUES (33, 73);
INSERT INTO `store`.`sale_has_good` (`sale_id`, `good_id`) VALUES (80, 73);
INSERT INTO `store`.`sale_has_good` (`sale_id`, `good_id`) VALUES (50, 74);
INSERT INTO `store`.`sale_has_good` (`sale_id`, `good_id`) VALUES (53, 74);
INSERT INTO `store`.`sale_has_good` (`sale_id`, `good_id`) VALUES (69, 74);
INSERT INTO `store`.`sale_has_good` (`sale_id`, `good_id`) VALUES (73, 74);
INSERT INTO `store`.`sale_has_good` (`sale_id`, `good_id`) VALUES (74, 74);
INSERT INTO `store`.`sale_has_good` (`sale_id`, `good_id`) VALUES (96, 74);
INSERT INTO `store`.`sale_has_good` (`sale_id`, `good_id`) VALUES (14, 75);
INSERT INTO `store`.`sale_has_good` (`sale_id`, `good_id`) VALUES (15, 75);
INSERT INTO `store`.`sale_has_good` (`sale_id`, `good_id`) VALUES (22, 75);
INSERT INTO `store`.`sale_has_good` (`sale_id`, `good_id`) VALUES (39, 75);
INSERT INTO `store`.`sale_has_good` (`sale_id`, `good_id`) VALUES (59, 75);
INSERT INTO `store`.`sale_has_good` (`sale_id`, `good_id`) VALUES (80, 75);
INSERT INTO `store`.`sale_has_good` (`sale_id`, `good_id`) VALUES (8, 76);
INSERT INTO `store`.`sale_has_good` (`sale_id`, `good_id`) VALUES (9, 76);
INSERT INTO `store`.`sale_has_good` (`sale_id`, `good_id`) VALUES (22, 76);
INSERT INTO `store`.`sale_has_good` (`sale_id`, `good_id`) VALUES (27, 76);
INSERT INTO `store`.`sale_has_good` (`sale_id`, `good_id`) VALUES (40, 76);
INSERT INTO `store`.`sale_has_good` (`sale_id`, `good_id`) VALUES (62, 77);
INSERT INTO `store`.`sale_has_good` (`sale_id`, `good_id`) VALUES (74, 77);
INSERT INTO `store`.`sale_has_good` (`sale_id`, `good_id`) VALUES (85, 77);
INSERT INTO `store`.`sale_has_good` (`sale_id`, `good_id`) VALUES (89, 77);
INSERT INTO `store`.`sale_has_good` (`sale_id`, `good_id`) VALUES (92, 78);
INSERT INTO `store`.`sale_has_good` (`sale_id`, `good_id`) VALUES (21, 79);
INSERT INTO `store`.`sale_has_good` (`sale_id`, `good_id`) VALUES (48, 79);
INSERT INTO `store`.`sale_has_good` (`sale_id`, `good_id`) VALUES (63, 79);
INSERT INTO `store`.`sale_has_good` (`sale_id`, `good_id`) VALUES (72, 79);
INSERT INTO `store`.`sale_has_good` (`sale_id`, `good_id`) VALUES (92, 79);
INSERT INTO `store`.`sale_has_good` (`sale_id`, `good_id`) VALUES (95, 79);
INSERT INTO `store`.`sale_has_good` (`sale_id`, `good_id`) VALUES (12, 80);
INSERT INTO `store`.`sale_has_good` (`sale_id`, `good_id`) VALUES (58, 80);
INSERT INTO `store`.`sale_has_good` (`sale_id`, `good_id`) VALUES (75, 80);
INSERT INTO `store`.`sale_has_good` (`sale_id`, `good_id`) VALUES (77, 80);
INSERT INTO `store`.`sale_has_good` (`sale_id`, `good_id`) VALUES (93, 80);
INSERT INTO `store`.`sale_has_good` (`sale_id`, `good_id`) VALUES (98, 80);
INSERT INTO `store`.`sale_has_good` (`sale_id`, `good_id`) VALUES (3, 81);
INSERT INTO `store`.`sale_has_good` (`sale_id`, `good_id`) VALUES (20, 81);
INSERT INTO `store`.`sale_has_good` (`sale_id`, `good_id`) VALUES (32, 81);
INSERT INTO `store`.`sale_has_good` (`sale_id`, `good_id`) VALUES (38, 81);
INSERT INTO `store`.`sale_has_good` (`sale_id`, `good_id`) VALUES (57, 81);
INSERT INTO `store`.`sale_has_good` (`sale_id`, `good_id`) VALUES (73, 81);
INSERT INTO `store`.`sale_has_good` (`sale_id`, `good_id`) VALUES (76, 81);
INSERT INTO `store`.`sale_has_good` (`sale_id`, `good_id`) VALUES (80, 81);
INSERT INTO `store`.`sale_has_good` (`sale_id`, `good_id`) VALUES (17, 82);
INSERT INTO `store`.`sale_has_good` (`sale_id`, `good_id`) VALUES (36, 82);
INSERT INTO `store`.`sale_has_good` (`sale_id`, `good_id`) VALUES (47, 82);
INSERT INTO `store`.`sale_has_good` (`sale_id`, `good_id`) VALUES (55, 82);
INSERT INTO `store`.`sale_has_good` (`sale_id`, `good_id`) VALUES (58, 82);
INSERT INTO `store`.`sale_has_good` (`sale_id`, `good_id`) VALUES (63, 82);
INSERT INTO `store`.`sale_has_good` (`sale_id`, `good_id`) VALUES (70, 82);
INSERT INTO `store`.`sale_has_good` (`sale_id`, `good_id`) VALUES (75, 82);
INSERT INTO `store`.`sale_has_good` (`sale_id`, `good_id`) VALUES (82, 82);
INSERT INTO `store`.`sale_has_good` (`sale_id`, `good_id`) VALUES (87, 82);
INSERT INTO `store`.`sale_has_good` (`sale_id`, `good_id`) VALUES (95, 82);
INSERT INTO `store`.`sale_has_good` (`sale_id`, `good_id`) VALUES (23, 83);
INSERT INTO `store`.`sale_has_good` (`sale_id`, `good_id`) VALUES (40, 83);
INSERT INTO `store`.`sale_has_good` (`sale_id`, `good_id`) VALUES (73, 83);
INSERT INTO `store`.`sale_has_good` (`sale_id`, `good_id`) VALUES (79, 83);
INSERT INTO `store`.`sale_has_good` (`sale_id`, `good_id`) VALUES (37, 84);
INSERT INTO `store`.`sale_has_good` (`sale_id`, `good_id`) VALUES (41, 84);
INSERT INTO `store`.`sale_has_good` (`sale_id`, `good_id`) VALUES (70, 84);
INSERT INTO `store`.`sale_has_good` (`sale_id`, `good_id`) VALUES (11, 85);
INSERT INTO `store`.`sale_has_good` (`sale_id`, `good_id`) VALUES (17, 85);
INSERT INTO `store`.`sale_has_good` (`sale_id`, `good_id`) VALUES (41, 85);
INSERT INTO `store`.`sale_has_good` (`sale_id`, `good_id`) VALUES (42, 85);
INSERT INTO `store`.`sale_has_good` (`sale_id`, `good_id`) VALUES (88, 85);
INSERT INTO `store`.`sale_has_good` (`sale_id`, `good_id`) VALUES (18, 86);
INSERT INTO `store`.`sale_has_good` (`sale_id`, `good_id`) VALUES (48, 86);
INSERT INTO `store`.`sale_has_good` (`sale_id`, `good_id`) VALUES (79, 86);
INSERT INTO `store`.`sale_has_good` (`sale_id`, `good_id`) VALUES (16, 87);
INSERT INTO `store`.`sale_has_good` (`sale_id`, `good_id`) VALUES (31, 87);
INSERT INTO `store`.`sale_has_good` (`sale_id`, `good_id`) VALUES (88, 87);
INSERT INTO `store`.`sale_has_good` (`sale_id`, `good_id`) VALUES (21, 88);
INSERT INTO `store`.`sale_has_good` (`sale_id`, `good_id`) VALUES (28, 88);
INSERT INTO `store`.`sale_has_good` (`sale_id`, `good_id`) VALUES (37, 88);
INSERT INTO `store`.`sale_has_good` (`sale_id`, `good_id`) VALUES (39, 88);
INSERT INTO `store`.`sale_has_good` (`sale_id`, `good_id`) VALUES (49, 88);
INSERT INTO `store`.`sale_has_good` (`sale_id`, `good_id`) VALUES (51, 88);
INSERT INTO `store`.`sale_has_good` (`sale_id`, `good_id`) VALUES (77, 88);
INSERT INTO `store`.`sale_has_good` (`sale_id`, `good_id`) VALUES (100, 88);
INSERT INTO `store`.`sale_has_good` (`sale_id`, `good_id`) VALUES (3, 89);
INSERT INTO `store`.`sale_has_good` (`sale_id`, `good_id`) VALUES (6, 89);
INSERT INTO `store`.`sale_has_good` (`sale_id`, `good_id`) VALUES (61, 89);
INSERT INTO `store`.`sale_has_good` (`sale_id`, `good_id`) VALUES (93, 89);
INSERT INTO `store`.`sale_has_good` (`sale_id`, `good_id`) VALUES (12, 90);
INSERT INTO `store`.`sale_has_good` (`sale_id`, `good_id`) VALUES (17, 90);
INSERT INTO `store`.`sale_has_good` (`sale_id`, `good_id`) VALUES (21, 90);
INSERT INTO `store`.`sale_has_good` (`sale_id`, `good_id`) VALUES (45, 90);
INSERT INTO `store`.`sale_has_good` (`sale_id`, `good_id`) VALUES (55, 90);
INSERT INTO `store`.`sale_has_good` (`sale_id`, `good_id`) VALUES (66, 90);
INSERT INTO `store`.`sale_has_good` (`sale_id`, `good_id`) VALUES (99, 90);
INSERT INTO `store`.`sale_has_good` (`sale_id`, `good_id`) VALUES (6, 91);
INSERT INTO `store`.`sale_has_good` (`sale_id`, `good_id`) VALUES (10, 91);
INSERT INTO `store`.`sale_has_good` (`sale_id`, `good_id`) VALUES (44, 91);
INSERT INTO `store`.`sale_has_good` (`sale_id`, `good_id`) VALUES (54, 91);
INSERT INTO `store`.`sale_has_good` (`sale_id`, `good_id`) VALUES (68, 91);
INSERT INTO `store`.`sale_has_good` (`sale_id`, `good_id`) VALUES (82, 91);
INSERT INTO `store`.`sale_has_good` (`sale_id`, `good_id`) VALUES (9, 92);
INSERT INTO `store`.`sale_has_good` (`sale_id`, `good_id`) VALUES (15, 92);
INSERT INTO `store`.`sale_has_good` (`sale_id`, `good_id`) VALUES (51, 92);
INSERT INTO `store`.`sale_has_good` (`sale_id`, `good_id`) VALUES (62, 92);
INSERT INTO `store`.`sale_has_good` (`sale_id`, `good_id`) VALUES (29, 93);
INSERT INTO `store`.`sale_has_good` (`sale_id`, `good_id`) VALUES (99, 93);
INSERT INTO `store`.`sale_has_good` (`sale_id`, `good_id`) VALUES (5, 94);
INSERT INTO `store`.`sale_has_good` (`sale_id`, `good_id`) VALUES (36, 94);
INSERT INTO `store`.`sale_has_good` (`sale_id`, `good_id`) VALUES (45, 94);
INSERT INTO `store`.`sale_has_good` (`sale_id`, `good_id`) VALUES (65, 94);
INSERT INTO `store`.`sale_has_good` (`sale_id`, `good_id`) VALUES (68, 94);
INSERT INTO `store`.`sale_has_good` (`sale_id`, `good_id`) VALUES (26, 95);
INSERT INTO `store`.`sale_has_good` (`sale_id`, `good_id`) VALUES (29, 95);
INSERT INTO `store`.`sale_has_good` (`sale_id`, `good_id`) VALUES (57, 95);
INSERT INTO `store`.`sale_has_good` (`sale_id`, `good_id`) VALUES (64, 95);
INSERT INTO `store`.`sale_has_good` (`sale_id`, `good_id`) VALUES (70, 95);
INSERT INTO `store`.`sale_has_good` (`sale_id`, `good_id`) VALUES (80, 95);
INSERT INTO `store`.`sale_has_good` (`sale_id`, `good_id`) VALUES (70, 96);
INSERT INTO `store`.`sale_has_good` (`sale_id`, `good_id`) VALUES (55, 97);
INSERT INTO `store`.`sale_has_good` (`sale_id`, `good_id`) VALUES (95, 97);
INSERT INTO `store`.`sale_has_good` (`sale_id`, `good_id`) VALUES (62, 98);
INSERT INTO `store`.`sale_has_good` (`sale_id`, `good_id`) VALUES (64, 98);
INSERT INTO `store`.`sale_has_good` (`sale_id`, `good_id`) VALUES (92, 98);
INSERT INTO `store`.`sale_has_good` (`sale_id`, `good_id`) VALUES (5, 99);
INSERT INTO `store`.`sale_has_good` (`sale_id`, `good_id`) VALUES (26, 100);
INSERT INTO `store`.`sale_has_good` (`sale_id`, `good_id`) VALUES (31, 100);
INSERT INTO `store`.`sale_has_good` (`sale_id`, `good_id`) VALUES (37, 100);
INSERT INTO `store`.`sale_has_good` (`sale_id`, `good_id`) VALUES (45, 100);
INSERT INTO `store`.`sale_has_good` (`sale_id`, `good_id`) VALUES (50, 100);
INSERT INTO `store`.`sale_has_good` (`sale_id`, `good_id`) VALUES (81, 100);

COMMIT;


-- -----------------------------------------------------
-- Data for table `store`.`sale_history`
-- -----------------------------------------------------
START TRANSACTION;
USE `store`;
INSERT INTO `store`.`sale_history` (`id`, `sale_id`, `status_id`, `sale_sum`, `active_from`, `active_to`) VALUES (1, 54, 5, 2846.00, '18.02.2015', '28.01.2015');
INSERT INTO `store`.`sale_history` (`id`, `sale_id`, `status_id`, `sale_sum`, `active_from`, `active_to`) VALUES (2, 64, 7, 4512.00, '03.03.2015', '11.02.2015');
INSERT INTO `store`.`sale_history` (`id`, `sale_id`, `status_id`, `sale_sum`, `active_from`, `active_to`) VALUES (3, 68, 2, 2250.00, '19.06.2015', '26.02.2015');
INSERT INTO `store`.`sale_history` (`id`, `sale_id`, `status_id`, `sale_sum`, `active_from`, `active_to`) VALUES (4, 6, 3, 7472.00, '23.04.2015', '12.03.2015');
INSERT INTO `store`.`sale_history` (`id`, `sale_id`, `status_id`, `sale_sum`, `active_from`, `active_to`) VALUES (5, 51, 1, 4475.00, '24.02.2015', '30.04.2015');
INSERT INTO `store`.`sale_history` (`id`, `sale_id`, `status_id`, `sale_sum`, `active_from`, `active_to`) VALUES (6, 49, 5, 9793.00, '30.04.2015', '22.05.2015');
INSERT INTO `store`.`sale_history` (`id`, `sale_id`, `status_id`, `sale_sum`, `active_from`, `active_to`) VALUES (7, 88, 2, 3233.00, '22.01.2015', '05.06.2015');
INSERT INTO `store`.`sale_history` (`id`, `sale_id`, `status_id`, `sale_sum`, `active_from`, `active_to`) VALUES (8, 80, 6, 2482.00, '22.05.2015', '27.02.2015');
INSERT INTO `store`.`sale_history` (`id`, `sale_id`, `status_id`, `sale_sum`, `active_from`, `active_to`) VALUES (9, 39, 1, 1374.00, '20.01.2015', '27.01.2015');
INSERT INTO `store`.`sale_history` (`id`, `sale_id`, `status_id`, `sale_sum`, `active_from`, `active_to`) VALUES (10, 38, 7, 2155.00, '15.04.2015', '16.03.2015');
INSERT INTO `store`.`sale_history` (`id`, `sale_id`, `status_id`, `sale_sum`, `active_from`, `active_to`) VALUES (11, 25, 7, 2036.00, '26.05.2015', '27.06.2015');
INSERT INTO `store`.`sale_history` (`id`, `sale_id`, `status_id`, `sale_sum`, `active_from`, `active_to`) VALUES (12, 14, 7, 4130.00, '10.04.2015', '21.04.2015');
INSERT INTO `store`.`sale_history` (`id`, `sale_id`, `status_id`, `sale_sum`, `active_from`, `active_to`) VALUES (13, 30, 2, 4172.00, '31.01.2015', '01.02.2015');
INSERT INTO `store`.`sale_history` (`id`, `sale_id`, `status_id`, `sale_sum`, `active_from`, `active_to`) VALUES (14, 9, 5, 1271.00, '27.05.2015', '22.04.2015');
INSERT INTO `store`.`sale_history` (`id`, `sale_id`, `status_id`, `sale_sum`, `active_from`, `active_to`) VALUES (15, 14, 2, 3848.00, '29.05.2015', '26.06.2015');
INSERT INTO `store`.`sale_history` (`id`, `sale_id`, `status_id`, `sale_sum`, `active_from`, `active_to`) VALUES (16, 62, 6, 5209.00, '22.01.2015', '01.01.2015');
INSERT INTO `store`.`sale_history` (`id`, `sale_id`, `status_id`, `sale_sum`, `active_from`, `active_to`) VALUES (17, 6, 1, 5875.00, '07.03.2015', '07.06.2015');
INSERT INTO `store`.`sale_history` (`id`, `sale_id`, `status_id`, `sale_sum`, `active_from`, `active_to`) VALUES (18, 37, 3, 7462.00, '11.06.2015', '10.06.2015');
INSERT INTO `store`.`sale_history` (`id`, `sale_id`, `status_id`, `sale_sum`, `active_from`, `active_to`) VALUES (19, 69, 7, 1359.00, '18.06.2015', '16.05.2015');
INSERT INTO `store`.`sale_history` (`id`, `sale_id`, `status_id`, `sale_sum`, `active_from`, `active_to`) VALUES (20, 87, 7, 7223.00, '04.05.2015', '24.01.2015');
INSERT INTO `store`.`sale_history` (`id`, `sale_id`, `status_id`, `sale_sum`, `active_from`, `active_to`) VALUES (21, 22, 5, 5703.00, '24.05.2015', '04.04.2015');
INSERT INTO `store`.`sale_history` (`id`, `sale_id`, `status_id`, `sale_sum`, `active_from`, `active_to`) VALUES (22, 60, 3, 7958.00, '14.05.2015', '04.05.2015');
INSERT INTO `store`.`sale_history` (`id`, `sale_id`, `status_id`, `sale_sum`, `active_from`, `active_to`) VALUES (23, 56, 4, 7349.00, '23.01.2015', '08.06.2015');
INSERT INTO `store`.`sale_history` (`id`, `sale_id`, `status_id`, `sale_sum`, `active_from`, `active_to`) VALUES (24, 36, 1, 1757.00, '24.03.2015', '27.01.2015');
INSERT INTO `store`.`sale_history` (`id`, `sale_id`, `status_id`, `sale_sum`, `active_from`, `active_to`) VALUES (25, 62, 5, 3950.00, '22.06.2015', '05.03.2015');
INSERT INTO `store`.`sale_history` (`id`, `sale_id`, `status_id`, `sale_sum`, `active_from`, `active_to`) VALUES (26, 69, 7, 1901.00, '20.06.2015', '10.04.2015');
INSERT INTO `store`.`sale_history` (`id`, `sale_id`, `status_id`, `sale_sum`, `active_from`, `active_to`) VALUES (27, 79, 2, 1344.00, '28.02.2015', '25.01.2015');
INSERT INTO `store`.`sale_history` (`id`, `sale_id`, `status_id`, `sale_sum`, `active_from`, `active_to`) VALUES (28, 39, 7, 6582.00, '04.05.2015', '30.01.2015');
INSERT INTO `store`.`sale_history` (`id`, `sale_id`, `status_id`, `sale_sum`, `active_from`, `active_to`) VALUES (29, 57, 4, 7697.00, '12.03.2015', '10.01.2015');
INSERT INTO `store`.`sale_history` (`id`, `sale_id`, `status_id`, `sale_sum`, `active_from`, `active_to`) VALUES (30, 63, 5, 3835.00, '13.04.2015', '15.05.2015');
INSERT INTO `store`.`sale_history` (`id`, `sale_id`, `status_id`, `sale_sum`, `active_from`, `active_to`) VALUES (31, 48, 7, 1954.00, '30.06.2015', '02.05.2015');
INSERT INTO `store`.`sale_history` (`id`, `sale_id`, `status_id`, `sale_sum`, `active_from`, `active_to`) VALUES (32, 100, 1, 1112.00, '10.01.2015', '01.01.2015');
INSERT INTO `store`.`sale_history` (`id`, `sale_id`, `status_id`, `sale_sum`, `active_from`, `active_to`) VALUES (33, 81, 7, 9006.00, '31.05.2015', '26.05.2015');
INSERT INTO `store`.`sale_history` (`id`, `sale_id`, `status_id`, `sale_sum`, `active_from`, `active_to`) VALUES (34, 21, 3, 1699.00, '01.05.2015', '23.04.2015');
INSERT INTO `store`.`sale_history` (`id`, `sale_id`, `status_id`, `sale_sum`, `active_from`, `active_to`) VALUES (35, 87, 5, 1987.00, '03.06.2015', '15.03.2015');
INSERT INTO `store`.`sale_history` (`id`, `sale_id`, `status_id`, `sale_sum`, `active_from`, `active_to`) VALUES (36, 78, 5, 6368.00, '23.05.2015', '02.05.2015');
INSERT INTO `store`.`sale_history` (`id`, `sale_id`, `status_id`, `sale_sum`, `active_from`, `active_to`) VALUES (37, 43, 2, 4422.00, '30.03.2015', '12.06.2015');
INSERT INTO `store`.`sale_history` (`id`, `sale_id`, `status_id`, `sale_sum`, `active_from`, `active_to`) VALUES (38, 27, 5, 6781.00, '12.03.2015', '18.06.2015');
INSERT INTO `store`.`sale_history` (`id`, `sale_id`, `status_id`, `sale_sum`, `active_from`, `active_to`) VALUES (39, 15, 7, 8633.00, '04.03.2015', '11.05.2015');
INSERT INTO `store`.`sale_history` (`id`, `sale_id`, `status_id`, `sale_sum`, `active_from`, `active_to`) VALUES (40, 33, 1, 4371.00, '02.05.2015', '15.05.2015');
INSERT INTO `store`.`sale_history` (`id`, `sale_id`, `status_id`, `sale_sum`, `active_from`, `active_to`) VALUES (41, 38, 6, 2171.00, '11.02.2015', '13.04.2015');
INSERT INTO `store`.`sale_history` (`id`, `sale_id`, `status_id`, `sale_sum`, `active_from`, `active_to`) VALUES (42, 42, 2, 7951.00, '29.04.2015', '07.02.2015');
INSERT INTO `store`.`sale_history` (`id`, `sale_id`, `status_id`, `sale_sum`, `active_from`, `active_to`) VALUES (43, 77, 1, 5077.00, '19.01.2015', '11.04.2015');
INSERT INTO `store`.`sale_history` (`id`, `sale_id`, `status_id`, `sale_sum`, `active_from`, `active_to`) VALUES (44, 66, 4, 7440.00, '21.06.2015', '12.01.2015');
INSERT INTO `store`.`sale_history` (`id`, `sale_id`, `status_id`, `sale_sum`, `active_from`, `active_to`) VALUES (45, 37, 3, 2991.00, '08.04.2015', '29.05.2015');
INSERT INTO `store`.`sale_history` (`id`, `sale_id`, `status_id`, `sale_sum`, `active_from`, `active_to`) VALUES (46, 93, 7, 5014.00, '11.05.2015', '01.04.2015');
INSERT INTO `store`.`sale_history` (`id`, `sale_id`, `status_id`, `sale_sum`, `active_from`, `active_to`) VALUES (47, 41, 4, 5312.00, '06.06.2015', '20.02.2015');
INSERT INTO `store`.`sale_history` (`id`, `sale_id`, `status_id`, `sale_sum`, `active_from`, `active_to`) VALUES (48, 13, 3, 6245.00, '13.05.2015', '01.03.2015');
INSERT INTO `store`.`sale_history` (`id`, `sale_id`, `status_id`, `sale_sum`, `active_from`, `active_to`) VALUES (49, 61, 7, 4521.00, '12.01.2015', '11.01.2015');
INSERT INTO `store`.`sale_history` (`id`, `sale_id`, `status_id`, `sale_sum`, `active_from`, `active_to`) VALUES (50, 41, 6, 6141.00, '23.04.2015', '09.03.2015');
INSERT INTO `store`.`sale_history` (`id`, `sale_id`, `status_id`, `sale_sum`, `active_from`, `active_to`) VALUES (51, 89, 3, 3719.00, '09.02.2015', '13.02.2015');
INSERT INTO `store`.`sale_history` (`id`, `sale_id`, `status_id`, `sale_sum`, `active_from`, `active_to`) VALUES (52, 79, 2, 7820.00, '17.02.2015', '11.06.2015');
INSERT INTO `store`.`sale_history` (`id`, `sale_id`, `status_id`, `sale_sum`, `active_from`, `active_to`) VALUES (53, 96, 1, 2112.00, '25.06.2015', '11.04.2015');
INSERT INTO `store`.`sale_history` (`id`, `sale_id`, `status_id`, `sale_sum`, `active_from`, `active_to`) VALUES (54, 80, 7, 2753.00, '29.06.2015', '26.06.2015');
INSERT INTO `store`.`sale_history` (`id`, `sale_id`, `status_id`, `sale_sum`, `active_from`, `active_to`) VALUES (55, 50, 2, 9255.00, '11.01.2015', '10.03.2015');
INSERT INTO `store`.`sale_history` (`id`, `sale_id`, `status_id`, `sale_sum`, `active_from`, `active_to`) VALUES (56, 44, 7, 2745.00, '12.03.2015', '09.06.2015');
INSERT INTO `store`.`sale_history` (`id`, `sale_id`, `status_id`, `sale_sum`, `active_from`, `active_to`) VALUES (57, 87, 2, 8826.00, '29.04.2015', '03.02.2015');
INSERT INTO `store`.`sale_history` (`id`, `sale_id`, `status_id`, `sale_sum`, `active_from`, `active_to`) VALUES (58, 49, 1, 1561.00, '17.01.2015', '25.04.2015');
INSERT INTO `store`.`sale_history` (`id`, `sale_id`, `status_id`, `sale_sum`, `active_from`, `active_to`) VALUES (59, 14, 3, 4173.00, '02.03.2015', '24.02.2015');
INSERT INTO `store`.`sale_history` (`id`, `sale_id`, `status_id`, `sale_sum`, `active_from`, `active_to`) VALUES (60, 16, 5, 9196.00, '19.02.2015', '21.01.2015');
INSERT INTO `store`.`sale_history` (`id`, `sale_id`, `status_id`, `sale_sum`, `active_from`, `active_to`) VALUES (61, 51, 4, 3728.00, '04.06.2015', '25.02.2015');
INSERT INTO `store`.`sale_history` (`id`, `sale_id`, `status_id`, `sale_sum`, `active_from`, `active_to`) VALUES (62, 88, 6, 7475.00, '04.06.2015', '28.05.2015');
INSERT INTO `store`.`sale_history` (`id`, `sale_id`, `status_id`, `sale_sum`, `active_from`, `active_to`) VALUES (63, 34, 6, 6231.00, '19.03.2015', '21.01.2015');
INSERT INTO `store`.`sale_history` (`id`, `sale_id`, `status_id`, `sale_sum`, `active_from`, `active_to`) VALUES (64, 14, 4, 7598.00, '19.03.2015', '06.05.2015');
INSERT INTO `store`.`sale_history` (`id`, `sale_id`, `status_id`, `sale_sum`, `active_from`, `active_to`) VALUES (65, 35, 1, 4057.00, '09.06.2015', '14.06.2015');
INSERT INTO `store`.`sale_history` (`id`, `sale_id`, `status_id`, `sale_sum`, `active_from`, `active_to`) VALUES (66, 82, 6, 3093.00, '21.06.2015', '02.04.2015');
INSERT INTO `store`.`sale_history` (`id`, `sale_id`, `status_id`, `sale_sum`, `active_from`, `active_to`) VALUES (67, 20, 1, 6915.00, '04.01.2015', '07.03.2015');
INSERT INTO `store`.`sale_history` (`id`, `sale_id`, `status_id`, `sale_sum`, `active_from`, `active_to`) VALUES (68, 3, 5, 9876.00, '26.02.2015', '01.06.2015');
INSERT INTO `store`.`sale_history` (`id`, `sale_id`, `status_id`, `sale_sum`, `active_from`, `active_to`) VALUES (69, 15, 6, 9369.00, '02.01.2015', '15.01.2015');
INSERT INTO `store`.`sale_history` (`id`, `sale_id`, `status_id`, `sale_sum`, `active_from`, `active_to`) VALUES (70, 30, 7, 4350.00, '28.05.2015', '23.03.2015');
INSERT INTO `store`.`sale_history` (`id`, `sale_id`, `status_id`, `sale_sum`, `active_from`, `active_to`) VALUES (71, 71, 3, 5668.00, '27.01.2015', '13.01.2015');
INSERT INTO `store`.`sale_history` (`id`, `sale_id`, `status_id`, `sale_sum`, `active_from`, `active_to`) VALUES (72, 78, 3, 3025.00, '13.04.2015', '23.06.2015');
INSERT INTO `store`.`sale_history` (`id`, `sale_id`, `status_id`, `sale_sum`, `active_from`, `active_to`) VALUES (73, 77, 5, 5914.00, '12.05.2015', '11.02.2015');
INSERT INTO `store`.`sale_history` (`id`, `sale_id`, `status_id`, `sale_sum`, `active_from`, `active_to`) VALUES (74, 42, 5, 9157.00, '07.01.2015', '02.01.2015');
INSERT INTO `store`.`sale_history` (`id`, `sale_id`, `status_id`, `sale_sum`, `active_from`, `active_to`) VALUES (75, 81, 4, 8907.00, '19.06.2015', '16.04.2015');
INSERT INTO `store`.`sale_history` (`id`, `sale_id`, `status_id`, `sale_sum`, `active_from`, `active_to`) VALUES (76, 84, 2, 7353.00, '23.03.2015', '06.04.2015');
INSERT INTO `store`.`sale_history` (`id`, `sale_id`, `status_id`, `sale_sum`, `active_from`, `active_to`) VALUES (77, 72, 4, 4105.00, '14.02.2015', '04.05.2015');
INSERT INTO `store`.`sale_history` (`id`, `sale_id`, `status_id`, `sale_sum`, `active_from`, `active_to`) VALUES (78, 89, 1, 2305.00, '19.01.2015', '24.05.2015');
INSERT INTO `store`.`sale_history` (`id`, `sale_id`, `status_id`, `sale_sum`, `active_from`, `active_to`) VALUES (79, 9, 3, 4251.00, '28.02.2015', '24.03.2015');
INSERT INTO `store`.`sale_history` (`id`, `sale_id`, `status_id`, `sale_sum`, `active_from`, `active_to`) VALUES (80, 13, 2, 5825.00, '02.05.2015', '24.05.2015');
INSERT INTO `store`.`sale_history` (`id`, `sale_id`, `status_id`, `sale_sum`, `active_from`, `active_to`) VALUES (81, 93, 5, 5143.00, '10.04.2015', '29.06.2015');
INSERT INTO `store`.`sale_history` (`id`, `sale_id`, `status_id`, `sale_sum`, `active_from`, `active_to`) VALUES (82, 19, 2, 2290.00, '23.03.2015', '21.02.2015');
INSERT INTO `store`.`sale_history` (`id`, `sale_id`, `status_id`, `sale_sum`, `active_from`, `active_to`) VALUES (83, 12, 7, 9725.00, '30.04.2015', '27.04.2015');
INSERT INTO `store`.`sale_history` (`id`, `sale_id`, `status_id`, `sale_sum`, `active_from`, `active_to`) VALUES (84, 69, 2, 7646.00, '08.01.2015', '13.01.2015');
INSERT INTO `store`.`sale_history` (`id`, `sale_id`, `status_id`, `sale_sum`, `active_from`, `active_to`) VALUES (85, 67, 7, 2219.00, '02.03.2015', '12.06.2015');
INSERT INTO `store`.`sale_history` (`id`, `sale_id`, `status_id`, `sale_sum`, `active_from`, `active_to`) VALUES (86, 53, 2, 8107.00, '14.04.2015', '10.01.2015');
INSERT INTO `store`.`sale_history` (`id`, `sale_id`, `status_id`, `sale_sum`, `active_from`, `active_to`) VALUES (87, 76, 5, 8657.00, '16.02.2015', '24.01.2015');
INSERT INTO `store`.`sale_history` (`id`, `sale_id`, `status_id`, `sale_sum`, `active_from`, `active_to`) VALUES (88, 23, 1, 9894.00, '11.01.2015', '02.06.2015');
INSERT INTO `store`.`sale_history` (`id`, `sale_id`, `status_id`, `sale_sum`, `active_from`, `active_to`) VALUES (89, 84, 7, 8036.00, '18.05.2015', '31.01.2015');
INSERT INTO `store`.`sale_history` (`id`, `sale_id`, `status_id`, `sale_sum`, `active_from`, `active_to`) VALUES (90, 32, 3, 2432.00, '25.04.2015', '10.06.2015');
INSERT INTO `store`.`sale_history` (`id`, `sale_id`, `status_id`, `sale_sum`, `active_from`, `active_to`) VALUES (91, 4, 6, 9049.00, '12.01.2015', '05.01.2015');
INSERT INTO `store`.`sale_history` (`id`, `sale_id`, `status_id`, `sale_sum`, `active_from`, `active_to`) VALUES (92, 91, 3, 5464.00, '10.02.2015', '19.04.2015');
INSERT INTO `store`.`sale_history` (`id`, `sale_id`, `status_id`, `sale_sum`, `active_from`, `active_to`) VALUES (93, 45, 6, 4226.00, '22.05.2015', '12.03.2015');
INSERT INTO `store`.`sale_history` (`id`, `sale_id`, `status_id`, `sale_sum`, `active_from`, `active_to`) VALUES (94, 43, 6, 6112.00, '17.04.2015', '17.06.2015');
INSERT INTO `store`.`sale_history` (`id`, `sale_id`, `status_id`, `sale_sum`, `active_from`, `active_to`) VALUES (95, 52, 2, 2157.00, '28.01.2015', '29.04.2015');
INSERT INTO `store`.`sale_history` (`id`, `sale_id`, `status_id`, `sale_sum`, `active_from`, `active_to`) VALUES (96, 35, 7, 7298.00, '10.04.2015', '23.02.2015');
INSERT INTO `store`.`sale_history` (`id`, `sale_id`, `status_id`, `sale_sum`, `active_from`, `active_to`) VALUES (97, 77, 7, 9316.00, '13.06.2015', '13.05.2015');
INSERT INTO `store`.`sale_history` (`id`, `sale_id`, `status_id`, `sale_sum`, `active_from`, `active_to`) VALUES (98, 84, 7, 6154.00, '16.02.2015', '08.04.2015');
INSERT INTO `store`.`sale_history` (`id`, `sale_id`, `status_id`, `sale_sum`, `active_from`, `active_to`) VALUES (99, 39, 2, 4650.00, '08.01.2015', '15.04.2015');
INSERT INTO `store`.`sale_history` (`id`, `sale_id`, `status_id`, `sale_sum`, `active_from`, `active_to`) VALUES (100, 95, 6, 3587.00, '18.04.2015', '28.06.2015');
INSERT INTO `store`.`sale_history` (`id`, `sale_id`, `status_id`, `sale_sum`, `active_from`, `active_to`) VALUES (101, 49, 3, 2346.00, '11.04.2015', '21.01.2015');
INSERT INTO `store`.`sale_history` (`id`, `sale_id`, `status_id`, `sale_sum`, `active_from`, `active_to`) VALUES (102, 1, 6, 6387.00, '15.04.2015', '03.01.2015');
INSERT INTO `store`.`sale_history` (`id`, `sale_id`, `status_id`, `sale_sum`, `active_from`, `active_to`) VALUES (103, 7, 2, 5570.00, '10.02.2015', '13.03.2015');
INSERT INTO `store`.`sale_history` (`id`, `sale_id`, `status_id`, `sale_sum`, `active_from`, `active_to`) VALUES (104, 7, 2, 9164.00, '14.03.2015', '09.01.2015');
INSERT INTO `store`.`sale_history` (`id`, `sale_id`, `status_id`, `sale_sum`, `active_from`, `active_to`) VALUES (105, 86, 1, 6447.00, '10.03.2015', '16.02.2015');
INSERT INTO `store`.`sale_history` (`id`, `sale_id`, `status_id`, `sale_sum`, `active_from`, `active_to`) VALUES (106, 78, 5, 7777.00, '30.01.2015', '19.06.2015');
INSERT INTO `store`.`sale_history` (`id`, `sale_id`, `status_id`, `sale_sum`, `active_from`, `active_to`) VALUES (107, 1, 6, 5616.00, '12.05.2015', '21.06.2015');
INSERT INTO `store`.`sale_history` (`id`, `sale_id`, `status_id`, `sale_sum`, `active_from`, `active_to`) VALUES (108, 8, 6, 5415.00, '04.04.2015', '26.02.2015');
INSERT INTO `store`.`sale_history` (`id`, `sale_id`, `status_id`, `sale_sum`, `active_from`, `active_to`) VALUES (109, 44, 6, 2901.00, '17.01.2015', '06.01.2015');
INSERT INTO `store`.`sale_history` (`id`, `sale_id`, `status_id`, `sale_sum`, `active_from`, `active_to`) VALUES (110, 33, 3, 2429.00, '06.06.2015', '08.01.2015');
INSERT INTO `store`.`sale_history` (`id`, `sale_id`, `status_id`, `sale_sum`, `active_from`, `active_to`) VALUES (111, 77, 6, 1086.00, '14.02.2015', '27.05.2015');
INSERT INTO `store`.`sale_history` (`id`, `sale_id`, `status_id`, `sale_sum`, `active_from`, `active_to`) VALUES (112, 48, 5, 6451.00, '08.03.2015', '22.06.2015');
INSERT INTO `store`.`sale_history` (`id`, `sale_id`, `status_id`, `sale_sum`, `active_from`, `active_to`) VALUES (113, 99, 1, 6369.00, '15.04.2015', '27.02.2015');
INSERT INTO `store`.`sale_history` (`id`, `sale_id`, `status_id`, `sale_sum`, `active_from`, `active_to`) VALUES (114, 100, 1, 2039.00, '23.01.2015', '21.05.2015');
INSERT INTO `store`.`sale_history` (`id`, `sale_id`, `status_id`, `sale_sum`, `active_from`, `active_to`) VALUES (115, 14, 7, 7708.00, '26.02.2015', '11.04.2015');
INSERT INTO `store`.`sale_history` (`id`, `sale_id`, `status_id`, `sale_sum`, `active_from`, `active_to`) VALUES (116, 9, 2, 9559.00, '13.06.2015', '15.04.2015');
INSERT INTO `store`.`sale_history` (`id`, `sale_id`, `status_id`, `sale_sum`, `active_from`, `active_to`) VALUES (117, 53, 2, 8350.00, '02.05.2015', '26.06.2015');
INSERT INTO `store`.`sale_history` (`id`, `sale_id`, `status_id`, `sale_sum`, `active_from`, `active_to`) VALUES (118, 16, 4, 7961.00, '10.06.2015', '20.04.2015');
INSERT INTO `store`.`sale_history` (`id`, `sale_id`, `status_id`, `sale_sum`, `active_from`, `active_to`) VALUES (119, 56, 6, 1445.00, '26.01.2015', '01.06.2015');
INSERT INTO `store`.`sale_history` (`id`, `sale_id`, `status_id`, `sale_sum`, `active_from`, `active_to`) VALUES (120, 63, 4, 3808.00, '05.04.2015', '06.03.2015');
INSERT INTO `store`.`sale_history` (`id`, `sale_id`, `status_id`, `sale_sum`, `active_from`, `active_to`) VALUES (121, 11, 6, 8736.00, '25.06.2015', '04.04.2015');
INSERT INTO `store`.`sale_history` (`id`, `sale_id`, `status_id`, `sale_sum`, `active_from`, `active_to`) VALUES (122, 30, 5, 7490.00, '03.01.2015', '06.03.2015');
INSERT INTO `store`.`sale_history` (`id`, `sale_id`, `status_id`, `sale_sum`, `active_from`, `active_to`) VALUES (123, 71, 1, 1973.00, '29.01.2015', '26.06.2015');
INSERT INTO `store`.`sale_history` (`id`, `sale_id`, `status_id`, `sale_sum`, `active_from`, `active_to`) VALUES (124, 70, 2, 2652.00, '12.02.2015', '25.01.2015');
INSERT INTO `store`.`sale_history` (`id`, `sale_id`, `status_id`, `sale_sum`, `active_from`, `active_to`) VALUES (125, 36, 3, 8511.00, '29.06.2015', '21.02.2015');
INSERT INTO `store`.`sale_history` (`id`, `sale_id`, `status_id`, `sale_sum`, `active_from`, `active_to`) VALUES (126, 46, 7, 1599.00, '05.03.2015', '03.05.2015');
INSERT INTO `store`.`sale_history` (`id`, `sale_id`, `status_id`, `sale_sum`, `active_from`, `active_to`) VALUES (127, 16, 3, 2698.00, '25.03.2015', '07.02.2015');
INSERT INTO `store`.`sale_history` (`id`, `sale_id`, `status_id`, `sale_sum`, `active_from`, `active_to`) VALUES (128, 91, 1, 7730.00, '13.05.2015', '04.06.2015');
INSERT INTO `store`.`sale_history` (`id`, `sale_id`, `status_id`, `sale_sum`, `active_from`, `active_to`) VALUES (129, 8, 4, 4538.00, '06.02.2015', '18.06.2015');
INSERT INTO `store`.`sale_history` (`id`, `sale_id`, `status_id`, `sale_sum`, `active_from`, `active_to`) VALUES (130, 28, 3, 6600.00, '10.04.2015', '01.04.2015');
INSERT INTO `store`.`sale_history` (`id`, `sale_id`, `status_id`, `sale_sum`, `active_from`, `active_to`) VALUES (131, 8, 4, 1833.00, '09.01.2015', '15.06.2015');
INSERT INTO `store`.`sale_history` (`id`, `sale_id`, `status_id`, `sale_sum`, `active_from`, `active_to`) VALUES (132, 14, 5, 1727.00, '10.03.2015', '17.05.2015');
INSERT INTO `store`.`sale_history` (`id`, `sale_id`, `status_id`, `sale_sum`, `active_from`, `active_to`) VALUES (133, 88, 2, 9758.00, '06.06.2015', '16.03.2015');
INSERT INTO `store`.`sale_history` (`id`, `sale_id`, `status_id`, `sale_sum`, `active_from`, `active_to`) VALUES (134, 50, 3, 3688.00, '23.04.2015', '08.02.2015');
INSERT INTO `store`.`sale_history` (`id`, `sale_id`, `status_id`, `sale_sum`, `active_from`, `active_to`) VALUES (135, 91, 1, 3465.00, '04.03.2015', '09.04.2015');
INSERT INTO `store`.`sale_history` (`id`, `sale_id`, `status_id`, `sale_sum`, `active_from`, `active_to`) VALUES (136, 56, 6, 2363.00, '06.06.2015', '10.05.2015');
INSERT INTO `store`.`sale_history` (`id`, `sale_id`, `status_id`, `sale_sum`, `active_from`, `active_to`) VALUES (137, 28, 6, 5699.00, '14.05.2015', '10.03.2015');
INSERT INTO `store`.`sale_history` (`id`, `sale_id`, `status_id`, `sale_sum`, `active_from`, `active_to`) VALUES (138, 52, 5, 6480.00, '04.01.2015', '25.05.2015');
INSERT INTO `store`.`sale_history` (`id`, `sale_id`, `status_id`, `sale_sum`, `active_from`, `active_to`) VALUES (139, 14, 3, 1692.00, '14.03.2015', '04.03.2015');
INSERT INTO `store`.`sale_history` (`id`, `sale_id`, `status_id`, `sale_sum`, `active_from`, `active_to`) VALUES (140, 55, 7, 4822.00, '27.05.2015', '04.02.2015');
INSERT INTO `store`.`sale_history` (`id`, `sale_id`, `status_id`, `sale_sum`, `active_from`, `active_to`) VALUES (141, 63, 6, 6502.00, '06.04.2015', '02.01.2015');
INSERT INTO `store`.`sale_history` (`id`, `sale_id`, `status_id`, `sale_sum`, `active_from`, `active_to`) VALUES (142, 21, 3, 2795.00, '17.03.2015', '09.04.2015');
INSERT INTO `store`.`sale_history` (`id`, `sale_id`, `status_id`, `sale_sum`, `active_from`, `active_to`) VALUES (143, 5, 4, 8663.00, '27.02.2015', '17.05.2015');
INSERT INTO `store`.`sale_history` (`id`, `sale_id`, `status_id`, `sale_sum`, `active_from`, `active_to`) VALUES (144, 98, 3, 1502.00, '28.06.2015', '27.01.2015');
INSERT INTO `store`.`sale_history` (`id`, `sale_id`, `status_id`, `sale_sum`, `active_from`, `active_to`) VALUES (145, 13, 4, 1116.00, '12.04.2015', '26.01.2015');
INSERT INTO `store`.`sale_history` (`id`, `sale_id`, `status_id`, `sale_sum`, `active_from`, `active_to`) VALUES (146, 5, 7, 7937.00, '12.01.2015', '26.06.2015');
INSERT INTO `store`.`sale_history` (`id`, `sale_id`, `status_id`, `sale_sum`, `active_from`, `active_to`) VALUES (147, 73, 6, 6968.00, '27.01.2015', '01.06.2015');
INSERT INTO `store`.`sale_history` (`id`, `sale_id`, `status_id`, `sale_sum`, `active_from`, `active_to`) VALUES (148, 69, 6, 1211.00, '03.05.2015', '21.04.2015');
INSERT INTO `store`.`sale_history` (`id`, `sale_id`, `status_id`, `sale_sum`, `active_from`, `active_to`) VALUES (149, 11, 3, 7994.00, '27.06.2015', '01.06.2015');
INSERT INTO `store`.`sale_history` (`id`, `sale_id`, `status_id`, `sale_sum`, `active_from`, `active_to`) VALUES (150, 100, 5, 8531.00, '04.04.2015', '11.05.2015');
INSERT INTO `store`.`sale_history` (`id`, `sale_id`, `status_id`, `sale_sum`, `active_from`, `active_to`) VALUES (151, 46, 5, 2197.00, '28.03.2015', '17.02.2015');
INSERT INTO `store`.`sale_history` (`id`, `sale_id`, `status_id`, `sale_sum`, `active_from`, `active_to`) VALUES (152, 12, 2, 6323.00, '10.01.2015', '24.01.2015');
INSERT INTO `store`.`sale_history` (`id`, `sale_id`, `status_id`, `sale_sum`, `active_from`, `active_to`) VALUES (153, 7, 5, 1793.00, '27.03.2015', '17.06.2015');
INSERT INTO `store`.`sale_history` (`id`, `sale_id`, `status_id`, `sale_sum`, `active_from`, `active_to`) VALUES (154, 58, 1, 3784.00, '14.05.2015', '12.03.2015');
INSERT INTO `store`.`sale_history` (`id`, `sale_id`, `status_id`, `sale_sum`, `active_from`, `active_to`) VALUES (155, 14, 2, 6200.00, '16.05.2015', '06.06.2015');
INSERT INTO `store`.`sale_history` (`id`, `sale_id`, `status_id`, `sale_sum`, `active_from`, `active_to`) VALUES (156, 58, 4, 9606.00, '16.03.2015', '04.06.2015');
INSERT INTO `store`.`sale_history` (`id`, `sale_id`, `status_id`, `sale_sum`, `active_from`, `active_to`) VALUES (157, 48, 5, 8731.00, '15.03.2015', '09.01.2015');
INSERT INTO `store`.`sale_history` (`id`, `sale_id`, `status_id`, `sale_sum`, `active_from`, `active_to`) VALUES (158, 93, 6, 9919.00, '14.05.2015', '03.06.2015');
INSERT INTO `store`.`sale_history` (`id`, `sale_id`, `status_id`, `sale_sum`, `active_from`, `active_to`) VALUES (159, 21, 6, 4182.00, '23.01.2015', '29.03.2015');
INSERT INTO `store`.`sale_history` (`id`, `sale_id`, `status_id`, `sale_sum`, `active_from`, `active_to`) VALUES (160, 74, 7, 8499.00, '25.06.2015', '12.05.2015');
INSERT INTO `store`.`sale_history` (`id`, `sale_id`, `status_id`, `sale_sum`, `active_from`, `active_to`) VALUES (161, 7, 3, 8054.00, '06.04.2015', '11.05.2015');
INSERT INTO `store`.`sale_history` (`id`, `sale_id`, `status_id`, `sale_sum`, `active_from`, `active_to`) VALUES (162, 45, 1, 6991.00, '23.03.2015', '10.02.2015');
INSERT INTO `store`.`sale_history` (`id`, `sale_id`, `status_id`, `sale_sum`, `active_from`, `active_to`) VALUES (163, 12, 1, 6275.00, '15.06.2015', '07.06.2015');
INSERT INTO `store`.`sale_history` (`id`, `sale_id`, `status_id`, `sale_sum`, `active_from`, `active_to`) VALUES (164, 15, 3, 6628.00, '29.04.2015', '29.01.2015');
INSERT INTO `store`.`sale_history` (`id`, `sale_id`, `status_id`, `sale_sum`, `active_from`, `active_to`) VALUES (165, 15, 4, 9127.00, '19.04.2015', '14.01.2015');
INSERT INTO `store`.`sale_history` (`id`, `sale_id`, `status_id`, `sale_sum`, `active_from`, `active_to`) VALUES (166, 96, 6, 7660.00, '16.03.2015', '27.03.2015');
INSERT INTO `store`.`sale_history` (`id`, `sale_id`, `status_id`, `sale_sum`, `active_from`, `active_to`) VALUES (167, 65, 1, 7615.00, '18.06.2015', '16.02.2015');
INSERT INTO `store`.`sale_history` (`id`, `sale_id`, `status_id`, `sale_sum`, `active_from`, `active_to`) VALUES (168, 15, 4, 8301.00, '09.01.2015', '04.04.2015');
INSERT INTO `store`.`sale_history` (`id`, `sale_id`, `status_id`, `sale_sum`, `active_from`, `active_to`) VALUES (169, 34, 3, 7613.00, '25.06.2015', '03.02.2015');
INSERT INTO `store`.`sale_history` (`id`, `sale_id`, `status_id`, `sale_sum`, `active_from`, `active_to`) VALUES (170, 74, 1, 7401.00, '12.02.2015', '17.06.2015');
INSERT INTO `store`.`sale_history` (`id`, `sale_id`, `status_id`, `sale_sum`, `active_from`, `active_to`) VALUES (171, 19, 1, 8409.00, '29.01.2015', '20.04.2015');
INSERT INTO `store`.`sale_history` (`id`, `sale_id`, `status_id`, `sale_sum`, `active_from`, `active_to`) VALUES (172, 60, 1, 9499.00, '28.05.2015', '21.01.2015');
INSERT INTO `store`.`sale_history` (`id`, `sale_id`, `status_id`, `sale_sum`, `active_from`, `active_to`) VALUES (173, 45, 1, 7881.00, '19.02.2015', '24.02.2015');
INSERT INTO `store`.`sale_history` (`id`, `sale_id`, `status_id`, `sale_sum`, `active_from`, `active_to`) VALUES (174, 45, 6, 8889.00, '22.04.2015', '19.03.2015');
INSERT INTO `store`.`sale_history` (`id`, `sale_id`, `status_id`, `sale_sum`, `active_from`, `active_to`) VALUES (175, 2, 3, 4282.00, '16.03.2015', '12.06.2015');
INSERT INTO `store`.`sale_history` (`id`, `sale_id`, `status_id`, `sale_sum`, `active_from`, `active_to`) VALUES (176, 92, 6, 7663.00, '18.01.2015', '18.02.2015');
INSERT INTO `store`.`sale_history` (`id`, `sale_id`, `status_id`, `sale_sum`, `active_from`, `active_to`) VALUES (177, 12, 2, 2798.00, '07.01.2015', '23.01.2015');
INSERT INTO `store`.`sale_history` (`id`, `sale_id`, `status_id`, `sale_sum`, `active_from`, `active_to`) VALUES (178, 48, 5, 7320.00, '24.05.2015', '05.05.2015');
INSERT INTO `store`.`sale_history` (`id`, `sale_id`, `status_id`, `sale_sum`, `active_from`, `active_to`) VALUES (179, 55, 2, 6164.00, '23.04.2015', '25.05.2015');
INSERT INTO `store`.`sale_history` (`id`, `sale_id`, `status_id`, `sale_sum`, `active_from`, `active_to`) VALUES (180, 24, 5, 1559.00, '14.04.2015', '19.03.2015');
INSERT INTO `store`.`sale_history` (`id`, `sale_id`, `status_id`, `sale_sum`, `active_from`, `active_to`) VALUES (181, 58, 5, 8856.00, '14.01.2015', '18.02.2015');
INSERT INTO `store`.`sale_history` (`id`, `sale_id`, `status_id`, `sale_sum`, `active_from`, `active_to`) VALUES (182, 43, 7, 9883.00, '25.03.2015', '28.03.2015');
INSERT INTO `store`.`sale_history` (`id`, `sale_id`, `status_id`, `sale_sum`, `active_from`, `active_to`) VALUES (183, 29, 5, 8273.00, '28.03.2015', '25.05.2015');
INSERT INTO `store`.`sale_history` (`id`, `sale_id`, `status_id`, `sale_sum`, `active_from`, `active_to`) VALUES (184, 17, 3, 1276.00, '31.01.2015', '09.03.2015');
INSERT INTO `store`.`sale_history` (`id`, `sale_id`, `status_id`, `sale_sum`, `active_from`, `active_to`) VALUES (185, 44, 7, 5051.00, '18.06.2015', '07.06.2015');
INSERT INTO `store`.`sale_history` (`id`, `sale_id`, `status_id`, `sale_sum`, `active_from`, `active_to`) VALUES (186, 92, 7, 7426.00, '27.02.2015', '30.06.2015');
INSERT INTO `store`.`sale_history` (`id`, `sale_id`, `status_id`, `sale_sum`, `active_from`, `active_to`) VALUES (187, 10, 2, 1710.00, '25.05.2015', '17.03.2015');
INSERT INTO `store`.`sale_history` (`id`, `sale_id`, `status_id`, `sale_sum`, `active_from`, `active_to`) VALUES (188, 54, 2, 8057.00, '07.04.2015', '11.02.2015');
INSERT INTO `store`.`sale_history` (`id`, `sale_id`, `status_id`, `sale_sum`, `active_from`, `active_to`) VALUES (189, 80, 1, 3083.00, '07.03.2015', '06.02.2015');
INSERT INTO `store`.`sale_history` (`id`, `sale_id`, `status_id`, `sale_sum`, `active_from`, `active_to`) VALUES (190, 48, 1, 7495.00, '25.01.2015', '23.04.2015');
INSERT INTO `store`.`sale_history` (`id`, `sale_id`, `status_id`, `sale_sum`, `active_from`, `active_to`) VALUES (191, 50, 6, 7496.00, '27.06.2015', '25.06.2015');
INSERT INTO `store`.`sale_history` (`id`, `sale_id`, `status_id`, `sale_sum`, `active_from`, `active_to`) VALUES (192, 34, 6, 8807.00, '20.02.2015', '02.06.2015');
INSERT INTO `store`.`sale_history` (`id`, `sale_id`, `status_id`, `sale_sum`, `active_from`, `active_to`) VALUES (193, 83, 2, 9220.00, '21.03.2015', '26.01.2015');
INSERT INTO `store`.`sale_history` (`id`, `sale_id`, `status_id`, `sale_sum`, `active_from`, `active_to`) VALUES (194, 30, 1, 3142.00, '14.03.2015', '28.04.2015');
INSERT INTO `store`.`sale_history` (`id`, `sale_id`, `status_id`, `sale_sum`, `active_from`, `active_to`) VALUES (195, 76, 6, 2225.00, '04.06.2015', '07.02.2015');
INSERT INTO `store`.`sale_history` (`id`, `sale_id`, `status_id`, `sale_sum`, `active_from`, `active_to`) VALUES (196, 66, 2, 5846.00, '03.03.2015', '31.03.2015');
INSERT INTO `store`.`sale_history` (`id`, `sale_id`, `status_id`, `sale_sum`, `active_from`, `active_to`) VALUES (197, 3, 4, 6629.00, '22.01.2015', '28.01.2015');
INSERT INTO `store`.`sale_history` (`id`, `sale_id`, `status_id`, `sale_sum`, `active_from`, `active_to`) VALUES (198, 54, 1, 4283.00, '07.04.2015', '03.02.2015');
INSERT INTO `store`.`sale_history` (`id`, `sale_id`, `status_id`, `sale_sum`, `active_from`, `active_to`) VALUES (199, 95, 5, 5834.00, '12.01.2015', '25.05.2015');
INSERT INTO `store`.`sale_history` (`id`, `sale_id`, `status_id`, `sale_sum`, `active_from`, `active_to`) VALUES (200, 10, 3, 8790.00, '20.04.2015', '23.01.2015');
INSERT INTO `store`.`sale_history` (`id`, `sale_id`, `status_id`, `sale_sum`, `active_from`, `active_to`) VALUES (201, 42, 3, 3236.00, '02.05.2015', '18.06.2015');
INSERT INTO `store`.`sale_history` (`id`, `sale_id`, `status_id`, `sale_sum`, `active_from`, `active_to`) VALUES (202, 54, 4, 7136.00, '27.06.2015', '30.04.2015');
INSERT INTO `store`.`sale_history` (`id`, `sale_id`, `status_id`, `sale_sum`, `active_from`, `active_to`) VALUES (203, 84, 4, 6988.00, '30.05.2015', '27.05.2015');
INSERT INTO `store`.`sale_history` (`id`, `sale_id`, `status_id`, `sale_sum`, `active_from`, `active_to`) VALUES (204, 46, 4, 3915.00, '17.03.2015', '14.02.2015');
INSERT INTO `store`.`sale_history` (`id`, `sale_id`, `status_id`, `sale_sum`, `active_from`, `active_to`) VALUES (205, 63, 7, 1290.00, '13.02.2015', '21.02.2015');
INSERT INTO `store`.`sale_history` (`id`, `sale_id`, `status_id`, `sale_sum`, `active_from`, `active_to`) VALUES (206, 19, 6, 6702.00, '11.01.2015', '05.01.2015');
INSERT INTO `store`.`sale_history` (`id`, `sale_id`, `status_id`, `sale_sum`, `active_from`, `active_to`) VALUES (207, 63, 4, 6247.00, '15.03.2015', '17.01.2015');
INSERT INTO `store`.`sale_history` (`id`, `sale_id`, `status_id`, `sale_sum`, `active_from`, `active_to`) VALUES (208, 63, 3, 9478.00, '11.02.2015', '26.04.2015');
INSERT INTO `store`.`sale_history` (`id`, `sale_id`, `status_id`, `sale_sum`, `active_from`, `active_to`) VALUES (209, 14, 2, 6670.00, '08.06.2015', '01.02.2015');
INSERT INTO `store`.`sale_history` (`id`, `sale_id`, `status_id`, `sale_sum`, `active_from`, `active_to`) VALUES (210, 38, 1, 3742.00, '29.01.2015', '06.06.2015');
INSERT INTO `store`.`sale_history` (`id`, `sale_id`, `status_id`, `sale_sum`, `active_from`, `active_to`) VALUES (211, 13, 1, 1667.00, '13.06.2015', '07.04.2015');
INSERT INTO `store`.`sale_history` (`id`, `sale_id`, `status_id`, `sale_sum`, `active_from`, `active_to`) VALUES (212, 69, 4, 4172.00, '19.06.2015', '23.01.2015');
INSERT INTO `store`.`sale_history` (`id`, `sale_id`, `status_id`, `sale_sum`, `active_from`, `active_to`) VALUES (213, 83, 2, 5799.00, '09.06.2015', '09.01.2015');
INSERT INTO `store`.`sale_history` (`id`, `sale_id`, `status_id`, `sale_sum`, `active_from`, `active_to`) VALUES (214, 15, 4, 1878.00, '03.05.2015', '31.03.2015');
INSERT INTO `store`.`sale_history` (`id`, `sale_id`, `status_id`, `sale_sum`, `active_from`, `active_to`) VALUES (215, 5, 2, 1860.00, '01.04.2015', '08.06.2015');
INSERT INTO `store`.`sale_history` (`id`, `sale_id`, `status_id`, `sale_sum`, `active_from`, `active_to`) VALUES (216, 63, 4, 2626.00, '08.01.2015', '14.02.2015');
INSERT INTO `store`.`sale_history` (`id`, `sale_id`, `status_id`, `sale_sum`, `active_from`, `active_to`) VALUES (217, 53, 6, 6266.00, '24.04.2015', '14.01.2015');
INSERT INTO `store`.`sale_history` (`id`, `sale_id`, `status_id`, `sale_sum`, `active_from`, `active_to`) VALUES (218, 2, 3, 7875.00, '23.05.2015', '08.02.2015');
INSERT INTO `store`.`sale_history` (`id`, `sale_id`, `status_id`, `sale_sum`, `active_from`, `active_to`) VALUES (219, 39, 5, 1522.00, '01.06.2015', '30.04.2015');
INSERT INTO `store`.`sale_history` (`id`, `sale_id`, `status_id`, `sale_sum`, `active_from`, `active_to`) VALUES (220, 39, 6, 5253.00, '08.05.2015', '20.02.2015');
INSERT INTO `store`.`sale_history` (`id`, `sale_id`, `status_id`, `sale_sum`, `active_from`, `active_to`) VALUES (221, 27, 4, 1265.00, '01.01.2015', '10.06.2015');
INSERT INTO `store`.`sale_history` (`id`, `sale_id`, `status_id`, `sale_sum`, `active_from`, `active_to`) VALUES (222, 27, 3, 9885.00, '26.03.2015', '12.04.2015');
INSERT INTO `store`.`sale_history` (`id`, `sale_id`, `status_id`, `sale_sum`, `active_from`, `active_to`) VALUES (223, 55, 7, 4424.00, '25.02.2015', '12.03.2015');
INSERT INTO `store`.`sale_history` (`id`, `sale_id`, `status_id`, `sale_sum`, `active_from`, `active_to`) VALUES (224, 39, 3, 9607.00, '13.02.2015', '04.05.2015');
INSERT INTO `store`.`sale_history` (`id`, `sale_id`, `status_id`, `sale_sum`, `active_from`, `active_to`) VALUES (225, 42, 6, 3492.00, '06.05.2015', '02.03.2015');
INSERT INTO `store`.`sale_history` (`id`, `sale_id`, `status_id`, `sale_sum`, `active_from`, `active_to`) VALUES (226, 31, 4, 9482.00, '07.06.2015', '22.01.2015');
INSERT INTO `store`.`sale_history` (`id`, `sale_id`, `status_id`, `sale_sum`, `active_from`, `active_to`) VALUES (227, 2, 3, 3148.00, '07.01.2015', '19.04.2015');
INSERT INTO `store`.`sale_history` (`id`, `sale_id`, `status_id`, `sale_sum`, `active_from`, `active_to`) VALUES (228, 76, 1, 9151.00, '06.06.2015', '17.02.2015');
INSERT INTO `store`.`sale_history` (`id`, `sale_id`, `status_id`, `sale_sum`, `active_from`, `active_to`) VALUES (229, 1, 6, 7594.00, '05.05.2015', '06.02.2015');
INSERT INTO `store`.`sale_history` (`id`, `sale_id`, `status_id`, `sale_sum`, `active_from`, `active_to`) VALUES (230, 19, 3, 3931.00, '31.03.2015', '15.06.2015');
INSERT INTO `store`.`sale_history` (`id`, `sale_id`, `status_id`, `sale_sum`, `active_from`, `active_to`) VALUES (231, 54, 1, 6442.00, '15.02.2015', '17.05.2015');
INSERT INTO `store`.`sale_history` (`id`, `sale_id`, `status_id`, `sale_sum`, `active_from`, `active_to`) VALUES (232, 48, 4, 9685.00, '03.01.2015', '25.03.2015');
INSERT INTO `store`.`sale_history` (`id`, `sale_id`, `status_id`, `sale_sum`, `active_from`, `active_to`) VALUES (233, 6, 6, 8914.00, '21.01.2015', '09.06.2015');
INSERT INTO `store`.`sale_history` (`id`, `sale_id`, `status_id`, `sale_sum`, `active_from`, `active_to`) VALUES (234, 17, 5, 2450.00, '09.05.2015', '27.03.2015');
INSERT INTO `store`.`sale_history` (`id`, `sale_id`, `status_id`, `sale_sum`, `active_from`, `active_to`) VALUES (235, 65, 6, 7416.00, '18.02.2015', '06.05.2015');
INSERT INTO `store`.`sale_history` (`id`, `sale_id`, `status_id`, `sale_sum`, `active_from`, `active_to`) VALUES (236, 91, 2, 5935.00, '02.05.2015', '09.01.2015');
INSERT INTO `store`.`sale_history` (`id`, `sale_id`, `status_id`, `sale_sum`, `active_from`, `active_to`) VALUES (237, 62, 1, 3907.00, '06.06.2015', '09.06.2015');
INSERT INTO `store`.`sale_history` (`id`, `sale_id`, `status_id`, `sale_sum`, `active_from`, `active_to`) VALUES (238, 41, 2, 2861.00, '04.04.2015', '24.06.2015');
INSERT INTO `store`.`sale_history` (`id`, `sale_id`, `status_id`, `sale_sum`, `active_from`, `active_to`) VALUES (239, 70, 2, 4864.00, '11.05.2015', '12.01.2015');
INSERT INTO `store`.`sale_history` (`id`, `sale_id`, `status_id`, `sale_sum`, `active_from`, `active_to`) VALUES (240, 19, 5, 3438.00, '21.06.2015', '12.02.2015');
INSERT INTO `store`.`sale_history` (`id`, `sale_id`, `status_id`, `sale_sum`, `active_from`, `active_to`) VALUES (241, 96, 3, 2443.00, '17.02.2015', '22.05.2015');
INSERT INTO `store`.`sale_history` (`id`, `sale_id`, `status_id`, `sale_sum`, `active_from`, `active_to`) VALUES (242, 86, 6, 5947.00, '16.05.2015', '29.01.2015');
INSERT INTO `store`.`sale_history` (`id`, `sale_id`, `status_id`, `sale_sum`, `active_from`, `active_to`) VALUES (243, 45, 6, 3615.00, '10.03.2015', '06.05.2015');
INSERT INTO `store`.`sale_history` (`id`, `sale_id`, `status_id`, `sale_sum`, `active_from`, `active_to`) VALUES (244, 49, 7, 6281.00, '30.05.2015', '24.02.2015');
INSERT INTO `store`.`sale_history` (`id`, `sale_id`, `status_id`, `sale_sum`, `active_from`, `active_to`) VALUES (245, 46, 6, 7938.00, '30.05.2015', '26.04.2015');
INSERT INTO `store`.`sale_history` (`id`, `sale_id`, `status_id`, `sale_sum`, `active_from`, `active_to`) VALUES (246, 79, 4, 7658.00, '18.02.2015', '21.05.2015');
INSERT INTO `store`.`sale_history` (`id`, `sale_id`, `status_id`, `sale_sum`, `active_from`, `active_to`) VALUES (247, 87, 5, 2469.00, '03.06.2015', '27.06.2015');
INSERT INTO `store`.`sale_history` (`id`, `sale_id`, `status_id`, `sale_sum`, `active_from`, `active_to`) VALUES (248, 13, 7, 4763.00, '06.05.2015', '11.04.2015');
INSERT INTO `store`.`sale_history` (`id`, `sale_id`, `status_id`, `sale_sum`, `active_from`, `active_to`) VALUES (249, 18, 5, 3406.00, '22.01.2015', '09.06.2015');
INSERT INTO `store`.`sale_history` (`id`, `sale_id`, `status_id`, `sale_sum`, `active_from`, `active_to`) VALUES (250, 53, 3, 5112.00, '21.04.2015', '03.04.2015');
INSERT INTO `store`.`sale_history` (`id`, `sale_id`, `status_id`, `sale_sum`, `active_from`, `active_to`) VALUES (251, 69, 3, 5595.00, '28.05.2015', '13.04.2015');
INSERT INTO `store`.`sale_history` (`id`, `sale_id`, `status_id`, `sale_sum`, `active_from`, `active_to`) VALUES (252, 22, 7, 8776.00, '15.06.2015', '22.04.2015');
INSERT INTO `store`.`sale_history` (`id`, `sale_id`, `status_id`, `sale_sum`, `active_from`, `active_to`) VALUES (253, 27, 7, 4486.00, '02.06.2015', '02.05.2015');
INSERT INTO `store`.`sale_history` (`id`, `sale_id`, `status_id`, `sale_sum`, `active_from`, `active_to`) VALUES (254, 89, 2, 7169.00, '31.01.2015', '01.04.2015');
INSERT INTO `store`.`sale_history` (`id`, `sale_id`, `status_id`, `sale_sum`, `active_from`, `active_to`) VALUES (255, 43, 7, 9384.00, '28.02.2015', '12.06.2015');
INSERT INTO `store`.`sale_history` (`id`, `sale_id`, `status_id`, `sale_sum`, `active_from`, `active_to`) VALUES (256, 38, 3, 2440.00, '01.05.2015', '19.03.2015');
INSERT INTO `store`.`sale_history` (`id`, `sale_id`, `status_id`, `sale_sum`, `active_from`, `active_to`) VALUES (257, 21, 6, 2930.00, '24.05.2015', '12.06.2015');
INSERT INTO `store`.`sale_history` (`id`, `sale_id`, `status_id`, `sale_sum`, `active_from`, `active_to`) VALUES (258, 98, 6, 3238.00, '09.06.2015', '01.01.2015');
INSERT INTO `store`.`sale_history` (`id`, `sale_id`, `status_id`, `sale_sum`, `active_from`, `active_to`) VALUES (259, 17, 7, 3411.00, '30.01.2015', '23.02.2015');
INSERT INTO `store`.`sale_history` (`id`, `sale_id`, `status_id`, `sale_sum`, `active_from`, `active_to`) VALUES (260, 48, 5, 2921.00, '30.04.2015', '15.01.2015');
INSERT INTO `store`.`sale_history` (`id`, `sale_id`, `status_id`, `sale_sum`, `active_from`, `active_to`) VALUES (261, 21, 2, 2127.00, '25.05.2015', '12.03.2015');
INSERT INTO `store`.`sale_history` (`id`, `sale_id`, `status_id`, `sale_sum`, `active_from`, `active_to`) VALUES (262, 32, 3, 8528.00, '03.03.2015', '10.04.2015');
INSERT INTO `store`.`sale_history` (`id`, `sale_id`, `status_id`, `sale_sum`, `active_from`, `active_to`) VALUES (263, 93, 3, 8531.00, '03.06.2015', '14.02.2015');
INSERT INTO `store`.`sale_history` (`id`, `sale_id`, `status_id`, `sale_sum`, `active_from`, `active_to`) VALUES (264, 89, 3, 5888.00, '02.01.2015', '04.02.2015');
INSERT INTO `store`.`sale_history` (`id`, `sale_id`, `status_id`, `sale_sum`, `active_from`, `active_to`) VALUES (265, 70, 1, 3163.00, '08.02.2015', '23.04.2015');
INSERT INTO `store`.`sale_history` (`id`, `sale_id`, `status_id`, `sale_sum`, `active_from`, `active_to`) VALUES (266, 32, 1, 8296.00, '19.03.2015', '25.01.2015');
INSERT INTO `store`.`sale_history` (`id`, `sale_id`, `status_id`, `sale_sum`, `active_from`, `active_to`) VALUES (267, 49, 6, 9707.00, '05.05.2015', '02.05.2015');
INSERT INTO `store`.`sale_history` (`id`, `sale_id`, `status_id`, `sale_sum`, `active_from`, `active_to`) VALUES (268, 92, 3, 9857.00, '16.04.2015', '17.04.2015');
INSERT INTO `store`.`sale_history` (`id`, `sale_id`, `status_id`, `sale_sum`, `active_from`, `active_to`) VALUES (269, 39, 2, 3588.00, '21.03.2015', '21.05.2015');
INSERT INTO `store`.`sale_history` (`id`, `sale_id`, `status_id`, `sale_sum`, `active_from`, `active_to`) VALUES (270, 44, 6, 8624.00, '13.01.2015', '25.03.2015');
INSERT INTO `store`.`sale_history` (`id`, `sale_id`, `status_id`, `sale_sum`, `active_from`, `active_to`) VALUES (271, 69, 3, 1749.00, '03.02.2015', '21.01.2015');
INSERT INTO `store`.`sale_history` (`id`, `sale_id`, `status_id`, `sale_sum`, `active_from`, `active_to`) VALUES (272, 78, 2, 5884.00, '23.03.2015', '08.02.2015');
INSERT INTO `store`.`sale_history` (`id`, `sale_id`, `status_id`, `sale_sum`, `active_from`, `active_to`) VALUES (273, 78, 7, 4177.00, '20.04.2015', '19.04.2015');
INSERT INTO `store`.`sale_history` (`id`, `sale_id`, `status_id`, `sale_sum`, `active_from`, `active_to`) VALUES (274, 48, 3, 8075.00, '11.03.2015', '16.05.2015');
INSERT INTO `store`.`sale_history` (`id`, `sale_id`, `status_id`, `sale_sum`, `active_from`, `active_to`) VALUES (275, 15, 5, 4536.00, '09.05.2015', '05.03.2015');
INSERT INTO `store`.`sale_history` (`id`, `sale_id`, `status_id`, `sale_sum`, `active_from`, `active_to`) VALUES (276, 51, 7, 1899.00, '20.02.2015', '03.05.2015');
INSERT INTO `store`.`sale_history` (`id`, `sale_id`, `status_id`, `sale_sum`, `active_from`, `active_to`) VALUES (277, 92, 4, 1076.00, '26.03.2015', '10.05.2015');
INSERT INTO `store`.`sale_history` (`id`, `sale_id`, `status_id`, `sale_sum`, `active_from`, `active_to`) VALUES (278, 27, 2, 1951.00, '12.02.2015', '16.02.2015');
INSERT INTO `store`.`sale_history` (`id`, `sale_id`, `status_id`, `sale_sum`, `active_from`, `active_to`) VALUES (279, 29, 1, 9773.00, '17.02.2015', '26.01.2015');
INSERT INTO `store`.`sale_history` (`id`, `sale_id`, `status_id`, `sale_sum`, `active_from`, `active_to`) VALUES (280, 25, 5, 4982.00, '28.03.2015', '08.04.2015');
INSERT INTO `store`.`sale_history` (`id`, `sale_id`, `status_id`, `sale_sum`, `active_from`, `active_to`) VALUES (281, 7, 3, 8623.00, '24.01.2015', '06.01.2015');
INSERT INTO `store`.`sale_history` (`id`, `sale_id`, `status_id`, `sale_sum`, `active_from`, `active_to`) VALUES (282, 17, 5, 7316.00, '17.02.2015', '08.04.2015');
INSERT INTO `store`.`sale_history` (`id`, `sale_id`, `status_id`, `sale_sum`, `active_from`, `active_to`) VALUES (283, 73, 7, 3321.00, '05.02.2015', '18.06.2015');
INSERT INTO `store`.`sale_history` (`id`, `sale_id`, `status_id`, `sale_sum`, `active_from`, `active_to`) VALUES (284, 62, 2, 4656.00, '30.05.2015', '26.05.2015');
INSERT INTO `store`.`sale_history` (`id`, `sale_id`, `status_id`, `sale_sum`, `active_from`, `active_to`) VALUES (285, 38, 6, 2393.00, '08.01.2015', '23.05.2015');
INSERT INTO `store`.`sale_history` (`id`, `sale_id`, `status_id`, `sale_sum`, `active_from`, `active_to`) VALUES (286, 81, 1, 6877.00, '03.04.2015', '05.01.2015');
INSERT INTO `store`.`sale_history` (`id`, `sale_id`, `status_id`, `sale_sum`, `active_from`, `active_to`) VALUES (287, 88, 7, 1326.00, '22.03.2015', '20.06.2015');
INSERT INTO `store`.`sale_history` (`id`, `sale_id`, `status_id`, `sale_sum`, `active_from`, `active_to`) VALUES (288, 7, 2, 8947.00, '13.02.2015', '18.01.2015');
INSERT INTO `store`.`sale_history` (`id`, `sale_id`, `status_id`, `sale_sum`, `active_from`, `active_to`) VALUES (289, 72, 6, 7067.00, '24.03.2015', '03.06.2015');
INSERT INTO `store`.`sale_history` (`id`, `sale_id`, `status_id`, `sale_sum`, `active_from`, `active_to`) VALUES (290, 58, 6, 6476.00, '20.05.2015', '12.04.2015');
INSERT INTO `store`.`sale_history` (`id`, `sale_id`, `status_id`, `sale_sum`, `active_from`, `active_to`) VALUES (291, 36, 1, 4954.00, '24.05.2015', '31.03.2015');
INSERT INTO `store`.`sale_history` (`id`, `sale_id`, `status_id`, `sale_sum`, `active_from`, `active_to`) VALUES (292, 3, 3, 6585.00, '02.06.2015', '03.04.2015');
INSERT INTO `store`.`sale_history` (`id`, `sale_id`, `status_id`, `sale_sum`, `active_from`, `active_to`) VALUES (293, 92, 6, 8642.00, '21.05.2015', '20.06.2015');
INSERT INTO `store`.`sale_history` (`id`, `sale_id`, `status_id`, `sale_sum`, `active_from`, `active_to`) VALUES (294, 25, 3, 1903.00, '30.04.2015', '05.04.2015');
INSERT INTO `store`.`sale_history` (`id`, `sale_id`, `status_id`, `sale_sum`, `active_from`, `active_to`) VALUES (295, 26, 1, 1167.00, '21.05.2015', '24.04.2015');
INSERT INTO `store`.`sale_history` (`id`, `sale_id`, `status_id`, `sale_sum`, `active_from`, `active_to`) VALUES (296, 47, 1, 2872.00, '20.02.2015', '12.05.2015');
INSERT INTO `store`.`sale_history` (`id`, `sale_id`, `status_id`, `sale_sum`, `active_from`, `active_to`) VALUES (297, 73, 2, 1352.00, '25.04.2015', '11.05.2015');
INSERT INTO `store`.`sale_history` (`id`, `sale_id`, `status_id`, `sale_sum`, `active_from`, `active_to`) VALUES (298, 39, 5, 7794.00, '01.02.2015', '26.01.2015');
INSERT INTO `store`.`sale_history` (`id`, `sale_id`, `status_id`, `sale_sum`, `active_from`, `active_to`) VALUES (299, 84, 7, 6264.00, '02.04.2015', '03.05.2015');
INSERT INTO `store`.`sale_history` (`id`, `sale_id`, `status_id`, `sale_sum`, `active_from`, `active_to`) VALUES (300, 11, 1, 5661.00, '08.05.2015', '25.01.2015');
INSERT INTO `store`.`sale_history` (`id`, `sale_id`, `status_id`, `sale_sum`, `active_from`, `active_to`) VALUES (301, 18, 6, 1462.00, '20.01.2015', '18.04.2015');
INSERT INTO `store`.`sale_history` (`id`, `sale_id`, `status_id`, `sale_sum`, `active_from`, `active_to`) VALUES (302, 94, 6, 8917.00, '06.02.2015', '04.01.2015');
INSERT INTO `store`.`sale_history` (`id`, `sale_id`, `status_id`, `sale_sum`, `active_from`, `active_to`) VALUES (303, 17, 2, 3972.00, '08.01.2015', '18.06.2015');
INSERT INTO `store`.`sale_history` (`id`, `sale_id`, `status_id`, `sale_sum`, `active_from`, `active_to`) VALUES (304, 41, 2, 7391.00, '30.05.2015', '11.03.2015');
INSERT INTO `store`.`sale_history` (`id`, `sale_id`, `status_id`, `sale_sum`, `active_from`, `active_to`) VALUES (305, 4, 1, 8851.00, '07.01.2015', '05.05.2015');
INSERT INTO `store`.`sale_history` (`id`, `sale_id`, `status_id`, `sale_sum`, `active_from`, `active_to`) VALUES (306, 83, 3, 9910.00, '07.02.2015', '24.06.2015');
INSERT INTO `store`.`sale_history` (`id`, `sale_id`, `status_id`, `sale_sum`, `active_from`, `active_to`) VALUES (307, 36, 4, 9909.00, '15.06.2015', '19.05.2015');
INSERT INTO `store`.`sale_history` (`id`, `sale_id`, `status_id`, `sale_sum`, `active_from`, `active_to`) VALUES (308, 62, 2, 5734.00, '11.03.2015', '23.05.2015');
INSERT INTO `store`.`sale_history` (`id`, `sale_id`, `status_id`, `sale_sum`, `active_from`, `active_to`) VALUES (309, 6, 3, 1810.00, '17.05.2015', '20.02.2015');
INSERT INTO `store`.`sale_history` (`id`, `sale_id`, `status_id`, `sale_sum`, `active_from`, `active_to`) VALUES (310, 42, 1, 6691.00, '21.03.2015', '15.04.2015');
INSERT INTO `store`.`sale_history` (`id`, `sale_id`, `status_id`, `sale_sum`, `active_from`, `active_to`) VALUES (311, 44, 2, 6299.00, '19.01.2015', '12.03.2015');
INSERT INTO `store`.`sale_history` (`id`, `sale_id`, `status_id`, `sale_sum`, `active_from`, `active_to`) VALUES (312, 56, 6, 5690.00, '04.03.2015', '12.05.2015');
INSERT INTO `store`.`sale_history` (`id`, `sale_id`, `status_id`, `sale_sum`, `active_from`, `active_to`) VALUES (313, 79, 4, 5285.00, '12.06.2015', '23.05.2015');
INSERT INTO `store`.`sale_history` (`id`, `sale_id`, `status_id`, `sale_sum`, `active_from`, `active_to`) VALUES (314, 65, 5, 6870.00, '04.06.2015', '18.02.2015');
INSERT INTO `store`.`sale_history` (`id`, `sale_id`, `status_id`, `sale_sum`, `active_from`, `active_to`) VALUES (315, 64, 1, 6012.00, '30.03.2015', '21.02.2015');
INSERT INTO `store`.`sale_history` (`id`, `sale_id`, `status_id`, `sale_sum`, `active_from`, `active_to`) VALUES (316, 68, 4, 9384.00, '13.06.2015', '14.06.2015');
INSERT INTO `store`.`sale_history` (`id`, `sale_id`, `status_id`, `sale_sum`, `active_from`, `active_to`) VALUES (317, 62, 2, 8988.00, '10.03.2015', '22.04.2015');
INSERT INTO `store`.`sale_history` (`id`, `sale_id`, `status_id`, `sale_sum`, `active_from`, `active_to`) VALUES (318, 17, 4, 1270.00, '02.02.2015', '24.01.2015');
INSERT INTO `store`.`sale_history` (`id`, `sale_id`, `status_id`, `sale_sum`, `active_from`, `active_to`) VALUES (319, 50, 1, 2575.00, '21.06.2015', '03.01.2015');
INSERT INTO `store`.`sale_history` (`id`, `sale_id`, `status_id`, `sale_sum`, `active_from`, `active_to`) VALUES (320, 20, 4, 6664.00, '24.04.2015', '04.05.2015');
INSERT INTO `store`.`sale_history` (`id`, `sale_id`, `status_id`, `sale_sum`, `active_from`, `active_to`) VALUES (321, 76, 5, 7970.00, '12.06.2015', '23.05.2015');
INSERT INTO `store`.`sale_history` (`id`, `sale_id`, `status_id`, `sale_sum`, `active_from`, `active_to`) VALUES (322, 38, 4, 9228.00, '20.06.2015', '28.01.2015');
INSERT INTO `store`.`sale_history` (`id`, `sale_id`, `status_id`, `sale_sum`, `active_from`, `active_to`) VALUES (323, 20, 5, 5196.00, '17.06.2015', '25.01.2015');
INSERT INTO `store`.`sale_history` (`id`, `sale_id`, `status_id`, `sale_sum`, `active_from`, `active_to`) VALUES (324, 47, 3, 5883.00, '29.04.2015', '08.03.2015');
INSERT INTO `store`.`sale_history` (`id`, `sale_id`, `status_id`, `sale_sum`, `active_from`, `active_to`) VALUES (325, 20, 2, 7169.00, '31.05.2015', '17.01.2015');
INSERT INTO `store`.`sale_history` (`id`, `sale_id`, `status_id`, `sale_sum`, `active_from`, `active_to`) VALUES (326, 69, 4, 8279.00, '25.05.2015', '05.06.2015');
INSERT INTO `store`.`sale_history` (`id`, `sale_id`, `status_id`, `sale_sum`, `active_from`, `active_to`) VALUES (327, 10, 3, 1823.00, '22.02.2015', '02.06.2015');
INSERT INTO `store`.`sale_history` (`id`, `sale_id`, `status_id`, `sale_sum`, `active_from`, `active_to`) VALUES (328, 24, 6, 4129.00, '07.01.2015', '23.04.2015');
INSERT INTO `store`.`sale_history` (`id`, `sale_id`, `status_id`, `sale_sum`, `active_from`, `active_to`) VALUES (329, 58, 1, 7082.00, '08.06.2015', '17.04.2015');
INSERT INTO `store`.`sale_history` (`id`, `sale_id`, `status_id`, `sale_sum`, `active_from`, `active_to`) VALUES (330, 50, 4, 7823.00, '26.04.2015', '08.03.2015');
INSERT INTO `store`.`sale_history` (`id`, `sale_id`, `status_id`, `sale_sum`, `active_from`, `active_to`) VALUES (331, 43, 6, 8868.00, '01.03.2015', '24.02.2015');
INSERT INTO `store`.`sale_history` (`id`, `sale_id`, `status_id`, `sale_sum`, `active_from`, `active_to`) VALUES (332, 25, 3, 9654.00, '13.05.2015', '02.02.2015');
INSERT INTO `store`.`sale_history` (`id`, `sale_id`, `status_id`, `sale_sum`, `active_from`, `active_to`) VALUES (333, 23, 4, 1119.00, '18.03.2015', '09.05.2015');
INSERT INTO `store`.`sale_history` (`id`, `sale_id`, `status_id`, `sale_sum`, `active_from`, `active_to`) VALUES (334, 6, 7, 8843.00, '26.03.2015', '29.05.2015');
INSERT INTO `store`.`sale_history` (`id`, `sale_id`, `status_id`, `sale_sum`, `active_from`, `active_to`) VALUES (335, 67, 4, 6406.00, '31.01.2015', '29.03.2015');
INSERT INTO `store`.`sale_history` (`id`, `sale_id`, `status_id`, `sale_sum`, `active_from`, `active_to`) VALUES (336, 51, 1, 6214.00, '18.04.2015', '04.03.2015');
INSERT INTO `store`.`sale_history` (`id`, `sale_id`, `status_id`, `sale_sum`, `active_from`, `active_to`) VALUES (337, 47, 7, 8398.00, '28.05.2015', '27.02.2015');
INSERT INTO `store`.`sale_history` (`id`, `sale_id`, `status_id`, `sale_sum`, `active_from`, `active_to`) VALUES (338, 60, 5, 7871.00, '09.03.2015', '07.03.2015');
INSERT INTO `store`.`sale_history` (`id`, `sale_id`, `status_id`, `sale_sum`, `active_from`, `active_to`) VALUES (339, 54, 2, 2700.00, '23.05.2015', '09.02.2015');
INSERT INTO `store`.`sale_history` (`id`, `sale_id`, `status_id`, `sale_sum`, `active_from`, `active_to`) VALUES (340, 57, 5, 2833.00, '24.04.2015', '13.06.2015');
INSERT INTO `store`.`sale_history` (`id`, `sale_id`, `status_id`, `sale_sum`, `active_from`, `active_to`) VALUES (341, 38, 6, 6991.00, '05.02.2015', '18.05.2015');
INSERT INTO `store`.`sale_history` (`id`, `sale_id`, `status_id`, `sale_sum`, `active_from`, `active_to`) VALUES (342, 37, 7, 4926.00, '02.01.2015', '10.06.2015');
INSERT INTO `store`.`sale_history` (`id`, `sale_id`, `status_id`, `sale_sum`, `active_from`, `active_to`) VALUES (343, 85, 2, 7476.00, '25.01.2015', '16.02.2015');
INSERT INTO `store`.`sale_history` (`id`, `sale_id`, `status_id`, `sale_sum`, `active_from`, `active_to`) VALUES (344, 27, 1, 9657.00, '19.02.2015', '30.01.2015');
INSERT INTO `store`.`sale_history` (`id`, `sale_id`, `status_id`, `sale_sum`, `active_from`, `active_to`) VALUES (345, 14, 2, 6704.00, '01.05.2015', '04.02.2015');
INSERT INTO `store`.`sale_history` (`id`, `sale_id`, `status_id`, `sale_sum`, `active_from`, `active_to`) VALUES (346, 30, 2, 5672.00, '21.03.2015', '30.04.2015');
INSERT INTO `store`.`sale_history` (`id`, `sale_id`, `status_id`, `sale_sum`, `active_from`, `active_to`) VALUES (347, 82, 4, 5912.00, '22.02.2015', '13.03.2015');
INSERT INTO `store`.`sale_history` (`id`, `sale_id`, `status_id`, `sale_sum`, `active_from`, `active_to`) VALUES (348, 15, 2, 1296.00, '04.05.2015', '10.05.2015');
INSERT INTO `store`.`sale_history` (`id`, `sale_id`, `status_id`, `sale_sum`, `active_from`, `active_to`) VALUES (349, 30, 2, 5725.00, '06.05.2015', '04.01.2015');
INSERT INTO `store`.`sale_history` (`id`, `sale_id`, `status_id`, `sale_sum`, `active_from`, `active_to`) VALUES (350, 29, 6, 1221.00, '25.04.2015', '28.05.2015');
INSERT INTO `store`.`sale_history` (`id`, `sale_id`, `status_id`, `sale_sum`, `active_from`, `active_to`) VALUES (351, 24, 2, 7889.00, '21.06.2015', '16.01.2015');
INSERT INTO `store`.`sale_history` (`id`, `sale_id`, `status_id`, `sale_sum`, `active_from`, `active_to`) VALUES (352, 9, 7, 8182.00, '26.04.2015', '15.01.2015');
INSERT INTO `store`.`sale_history` (`id`, `sale_id`, `status_id`, `sale_sum`, `active_from`, `active_to`) VALUES (353, 1, 4, 7347.00, '27.05.2015', '24.04.2015');
INSERT INTO `store`.`sale_history` (`id`, `sale_id`, `status_id`, `sale_sum`, `active_from`, `active_to`) VALUES (354, 73, 5, 6779.00, '07.01.2015', '07.06.2015');
INSERT INTO `store`.`sale_history` (`id`, `sale_id`, `status_id`, `sale_sum`, `active_from`, `active_to`) VALUES (355, 29, 1, 6764.00, '08.06.2015', '13.03.2015');
INSERT INTO `store`.`sale_history` (`id`, `sale_id`, `status_id`, `sale_sum`, `active_from`, `active_to`) VALUES (356, 62, 2, 2840.00, '13.04.2015', '01.02.2015');
INSERT INTO `store`.`sale_history` (`id`, `sale_id`, `status_id`, `sale_sum`, `active_from`, `active_to`) VALUES (357, 67, 3, 6415.00, '25.06.2015', '14.05.2015');
INSERT INTO `store`.`sale_history` (`id`, `sale_id`, `status_id`, `sale_sum`, `active_from`, `active_to`) VALUES (358, 100, 1, 2779.00, '22.01.2015', '08.06.2015');
INSERT INTO `store`.`sale_history` (`id`, `sale_id`, `status_id`, `sale_sum`, `active_from`, `active_to`) VALUES (359, 92, 4, 8127.00, '22.06.2015', '17.02.2015');
INSERT INTO `store`.`sale_history` (`id`, `sale_id`, `status_id`, `sale_sum`, `active_from`, `active_to`) VALUES (360, 35, 2, 7855.00, '01.04.2015', '30.06.2015');
INSERT INTO `store`.`sale_history` (`id`, `sale_id`, `status_id`, `sale_sum`, `active_from`, `active_to`) VALUES (361, 90, 3, 1107.00, '07.01.2015', '14.06.2015');
INSERT INTO `store`.`sale_history` (`id`, `sale_id`, `status_id`, `sale_sum`, `active_from`, `active_to`) VALUES (362, 99, 3, 3984.00, '03.02.2015', '06.02.2015');
INSERT INTO `store`.`sale_history` (`id`, `sale_id`, `status_id`, `sale_sum`, `active_from`, `active_to`) VALUES (363, 22, 6, 6810.00, '04.06.2015', '20.02.2015');
INSERT INTO `store`.`sale_history` (`id`, `sale_id`, `status_id`, `sale_sum`, `active_from`, `active_to`) VALUES (364, 84, 5, 8389.00, '27.01.2015', '11.04.2015');
INSERT INTO `store`.`sale_history` (`id`, `sale_id`, `status_id`, `sale_sum`, `active_from`, `active_to`) VALUES (365, 53, 5, 8060.00, '10.04.2015', '17.01.2015');
INSERT INTO `store`.`sale_history` (`id`, `sale_id`, `status_id`, `sale_sum`, `active_from`, `active_to`) VALUES (366, 74, 5, 6554.00, '08.02.2015', '14.03.2015');
INSERT INTO `store`.`sale_history` (`id`, `sale_id`, `status_id`, `sale_sum`, `active_from`, `active_to`) VALUES (367, 55, 6, 8766.00, '03.03.2015', '23.06.2015');
INSERT INTO `store`.`sale_history` (`id`, `sale_id`, `status_id`, `sale_sum`, `active_from`, `active_to`) VALUES (368, 6, 3, 4971.00, '02.02.2015', '08.03.2015');
INSERT INTO `store`.`sale_history` (`id`, `sale_id`, `status_id`, `sale_sum`, `active_from`, `active_to`) VALUES (369, 11, 7, 7254.00, '17.03.2015', '12.06.2015');
INSERT INTO `store`.`sale_history` (`id`, `sale_id`, `status_id`, `sale_sum`, `active_from`, `active_to`) VALUES (370, 9, 5, 5561.00, '10.03.2015', '18.06.2015');
INSERT INTO `store`.`sale_history` (`id`, `sale_id`, `status_id`, `sale_sum`, `active_from`, `active_to`) VALUES (371, 23, 2, 7840.00, '28.05.2015', '17.06.2015');
INSERT INTO `store`.`sale_history` (`id`, `sale_id`, `status_id`, `sale_sum`, `active_from`, `active_to`) VALUES (372, 14, 6, 4052.00, '06.03.2015', '02.06.2015');
INSERT INTO `store`.`sale_history` (`id`, `sale_id`, `status_id`, `sale_sum`, `active_from`, `active_to`) VALUES (373, 2, 6, 7008.00, '11.01.2015', '27.02.2015');
INSERT INTO `store`.`sale_history` (`id`, `sale_id`, `status_id`, `sale_sum`, `active_from`, `active_to`) VALUES (374, 80, 2, 2532.00, '27.06.2015', '19.06.2015');
INSERT INTO `store`.`sale_history` (`id`, `sale_id`, `status_id`, `sale_sum`, `active_from`, `active_to`) VALUES (375, 41, 4, 3261.00, '08.05.2015', '30.06.2015');
INSERT INTO `store`.`sale_history` (`id`, `sale_id`, `status_id`, `sale_sum`, `active_from`, `active_to`) VALUES (376, 56, 6, 7488.00, '21.05.2015', '16.06.2015');
INSERT INTO `store`.`sale_history` (`id`, `sale_id`, `status_id`, `sale_sum`, `active_from`, `active_to`) VALUES (377, 48, 4, 9685.00, '13.03.2015', '23.05.2015');
INSERT INTO `store`.`sale_history` (`id`, `sale_id`, `status_id`, `sale_sum`, `active_from`, `active_to`) VALUES (378, 96, 2, 2286.00, '09.03.2015', '21.03.2015');
INSERT INTO `store`.`sale_history` (`id`, `sale_id`, `status_id`, `sale_sum`, `active_from`, `active_to`) VALUES (379, 65, 7, 8528.00, '16.04.2015', '23.01.2015');
INSERT INTO `store`.`sale_history` (`id`, `sale_id`, `status_id`, `sale_sum`, `active_from`, `active_to`) VALUES (380, 19, 1, 8576.00, '14.06.2015', '19.03.2015');
INSERT INTO `store`.`sale_history` (`id`, `sale_id`, `status_id`, `sale_sum`, `active_from`, `active_to`) VALUES (381, 39, 3, 8879.00, '18.04.2015', '22.02.2015');
INSERT INTO `store`.`sale_history` (`id`, `sale_id`, `status_id`, `sale_sum`, `active_from`, `active_to`) VALUES (382, 88, 6, 1451.00, '20.03.2015', '21.05.2015');
INSERT INTO `store`.`sale_history` (`id`, `sale_id`, `status_id`, `sale_sum`, `active_from`, `active_to`) VALUES (383, 30, 1, 1046.00, '07.02.2015', '25.02.2015');
INSERT INTO `store`.`sale_history` (`id`, `sale_id`, `status_id`, `sale_sum`, `active_from`, `active_to`) VALUES (384, 22, 3, 6036.00, '01.04.2015', '02.06.2015');
INSERT INTO `store`.`sale_history` (`id`, `sale_id`, `status_id`, `sale_sum`, `active_from`, `active_to`) VALUES (385, 44, 6, 7437.00, '15.03.2015', '12.03.2015');
INSERT INTO `store`.`sale_history` (`id`, `sale_id`, `status_id`, `sale_sum`, `active_from`, `active_to`) VALUES (386, 58, 3, 9128.00, '20.05.2015', '16.03.2015');
INSERT INTO `store`.`sale_history` (`id`, `sale_id`, `status_id`, `sale_sum`, `active_from`, `active_to`) VALUES (387, 45, 3, 1256.00, '03.02.2015', '12.06.2015');
INSERT INTO `store`.`sale_history` (`id`, `sale_id`, `status_id`, `sale_sum`, `active_from`, `active_to`) VALUES (388, 23, 2, 2592.00, '08.04.2015', '09.05.2015');
INSERT INTO `store`.`sale_history` (`id`, `sale_id`, `status_id`, `sale_sum`, `active_from`, `active_to`) VALUES (389, 85, 5, 1524.00, '29.05.2015', '14.03.2015');
INSERT INTO `store`.`sale_history` (`id`, `sale_id`, `status_id`, `sale_sum`, `active_from`, `active_to`) VALUES (390, 67, 7, 5592.00, '17.05.2015', '07.05.2015');
INSERT INTO `store`.`sale_history` (`id`, `sale_id`, `status_id`, `sale_sum`, `active_from`, `active_to`) VALUES (391, 73, 6, 6018.00, '19.03.2015', '03.04.2015');
INSERT INTO `store`.`sale_history` (`id`, `sale_id`, `status_id`, `sale_sum`, `active_from`, `active_to`) VALUES (392, 83, 6, 4486.00, '18.02.2015', '26.05.2015');
INSERT INTO `store`.`sale_history` (`id`, `sale_id`, `status_id`, `sale_sum`, `active_from`, `active_to`) VALUES (393, 87, 5, 1585.00, '27.03.2015', '17.03.2015');
INSERT INTO `store`.`sale_history` (`id`, `sale_id`, `status_id`, `sale_sum`, `active_from`, `active_to`) VALUES (394, 76, 1, 8261.00, '07.03.2015', '01.02.2015');
INSERT INTO `store`.`sale_history` (`id`, `sale_id`, `status_id`, `sale_sum`, `active_from`, `active_to`) VALUES (395, 90, 1, 5518.00, '28.04.2015', '13.04.2015');
INSERT INTO `store`.`sale_history` (`id`, `sale_id`, `status_id`, `sale_sum`, `active_from`, `active_to`) VALUES (396, 71, 3, 6477.00, '25.06.2015', '06.01.2015');
INSERT INTO `store`.`sale_history` (`id`, `sale_id`, `status_id`, `sale_sum`, `active_from`, `active_to`) VALUES (397, 71, 4, 7143.00, '10.03.2015', '12.02.2015');
INSERT INTO `store`.`sale_history` (`id`, `sale_id`, `status_id`, `sale_sum`, `active_from`, `active_to`) VALUES (398, 71, 4, 4387.00, '28.02.2015', '18.03.2015');
INSERT INTO `store`.`sale_history` (`id`, `sale_id`, `status_id`, `sale_sum`, `active_from`, `active_to`) VALUES (399, 86, 6, 9691.00, '08.06.2015', '10.03.2015');
INSERT INTO `store`.`sale_history` (`id`, `sale_id`, `status_id`, `sale_sum`, `active_from`, `active_to`) VALUES (400, 6, 6, 7935.00, '29.04.2015', '23.01.2015');
INSERT INTO `store`.`sale_history` (`id`, `sale_id`, `status_id`, `sale_sum`, `active_from`, `active_to`) VALUES (401, 19, 7, 1855.00, '26.03.2015', '29.01.2015');
INSERT INTO `store`.`sale_history` (`id`, `sale_id`, `status_id`, `sale_sum`, `active_from`, `active_to`) VALUES (402, 26, 2, 5991.00, '01.06.2015', '24.06.2015');
INSERT INTO `store`.`sale_history` (`id`, `sale_id`, `status_id`, `sale_sum`, `active_from`, `active_to`) VALUES (403, 12, 3, 2305.00, '04.05.2015', '01.02.2015');
INSERT INTO `store`.`sale_history` (`id`, `sale_id`, `status_id`, `sale_sum`, `active_from`, `active_to`) VALUES (404, 77, 3, 5015.00, '22.02.2015', '15.01.2015');
INSERT INTO `store`.`sale_history` (`id`, `sale_id`, `status_id`, `sale_sum`, `active_from`, `active_to`) VALUES (405, 26, 6, 3233.00, '29.03.2015', '16.06.2015');
INSERT INTO `store`.`sale_history` (`id`, `sale_id`, `status_id`, `sale_sum`, `active_from`, `active_to`) VALUES (406, 94, 7, 5492.00, '20.05.2015', '09.06.2015');
INSERT INTO `store`.`sale_history` (`id`, `sale_id`, `status_id`, `sale_sum`, `active_from`, `active_to`) VALUES (407, 23, 5, 3055.00, '16.05.2015', '10.05.2015');
INSERT INTO `store`.`sale_history` (`id`, `sale_id`, `status_id`, `sale_sum`, `active_from`, `active_to`) VALUES (408, 65, 5, 6835.00, '16.03.2015', '04.03.2015');
INSERT INTO `store`.`sale_history` (`id`, `sale_id`, `status_id`, `sale_sum`, `active_from`, `active_to`) VALUES (409, 92, 1, 9854.00, '22.03.2015', '19.03.2015');
INSERT INTO `store`.`sale_history` (`id`, `sale_id`, `status_id`, `sale_sum`, `active_from`, `active_to`) VALUES (410, 88, 7, 1151.00, '27.04.2015', '13.04.2015');
INSERT INTO `store`.`sale_history` (`id`, `sale_id`, `status_id`, `sale_sum`, `active_from`, `active_to`) VALUES (411, 40, 1, 8060.00, '16.05.2015', '29.01.2015');
INSERT INTO `store`.`sale_history` (`id`, `sale_id`, `status_id`, `sale_sum`, `active_from`, `active_to`) VALUES (412, 82, 6, 2915.00, '24.01.2015', '17.02.2015');
INSERT INTO `store`.`sale_history` (`id`, `sale_id`, `status_id`, `sale_sum`, `active_from`, `active_to`) VALUES (413, 14, 5, 8112.00, '03.01.2015', '02.02.2015');
INSERT INTO `store`.`sale_history` (`id`, `sale_id`, `status_id`, `sale_sum`, `active_from`, `active_to`) VALUES (414, 75, 3, 5944.00, '04.01.2015', '20.05.2015');
INSERT INTO `store`.`sale_history` (`id`, `sale_id`, `status_id`, `sale_sum`, `active_from`, `active_to`) VALUES (415, 49, 2, 9347.00, '09.04.2015', '17.01.2015');
INSERT INTO `store`.`sale_history` (`id`, `sale_id`, `status_id`, `sale_sum`, `active_from`, `active_to`) VALUES (416, 55, 2, 6050.00, '16.04.2015', '08.04.2015');
INSERT INTO `store`.`sale_history` (`id`, `sale_id`, `status_id`, `sale_sum`, `active_from`, `active_to`) VALUES (417, 24, 6, 9829.00, '16.03.2015', '13.06.2015');
INSERT INTO `store`.`sale_history` (`id`, `sale_id`, `status_id`, `sale_sum`, `active_from`, `active_to`) VALUES (418, 22, 4, 9648.00, '30.06.2015', '09.05.2015');
INSERT INTO `store`.`sale_history` (`id`, `sale_id`, `status_id`, `sale_sum`, `active_from`, `active_to`) VALUES (419, 52, 7, 1738.00, '23.03.2015', '13.03.2015');
INSERT INTO `store`.`sale_history` (`id`, `sale_id`, `status_id`, `sale_sum`, `active_from`, `active_to`) VALUES (420, 79, 3, 9842.00, '30.03.2015', '21.04.2015');
INSERT INTO `store`.`sale_history` (`id`, `sale_id`, `status_id`, `sale_sum`, `active_from`, `active_to`) VALUES (421, 99, 4, 3271.00, '23.05.2015', '27.06.2015');
INSERT INTO `store`.`sale_history` (`id`, `sale_id`, `status_id`, `sale_sum`, `active_from`, `active_to`) VALUES (422, 42, 1, 4024.00, '25.02.2015', '03.04.2015');
INSERT INTO `store`.`sale_history` (`id`, `sale_id`, `status_id`, `sale_sum`, `active_from`, `active_to`) VALUES (423, 94, 5, 9517.00, '03.06.2015', '27.03.2015');
INSERT INTO `store`.`sale_history` (`id`, `sale_id`, `status_id`, `sale_sum`, `active_from`, `active_to`) VALUES (424, 61, 4, 3346.00, '28.04.2015', '05.03.2015');
INSERT INTO `store`.`sale_history` (`id`, `sale_id`, `status_id`, `sale_sum`, `active_from`, `active_to`) VALUES (425, 67, 6, 9772.00, '24.04.2015', '26.01.2015');
INSERT INTO `store`.`sale_history` (`id`, `sale_id`, `status_id`, `sale_sum`, `active_from`, `active_to`) VALUES (426, 26, 5, 3761.00, '12.04.2015', '08.04.2015');
INSERT INTO `store`.`sale_history` (`id`, `sale_id`, `status_id`, `sale_sum`, `active_from`, `active_to`) VALUES (427, 12, 4, 6672.00, '10.01.2015', '04.05.2015');
INSERT INTO `store`.`sale_history` (`id`, `sale_id`, `status_id`, `sale_sum`, `active_from`, `active_to`) VALUES (428, 80, 3, 5624.00, '05.05.2015', '24.03.2015');
INSERT INTO `store`.`sale_history` (`id`, `sale_id`, `status_id`, `sale_sum`, `active_from`, `active_to`) VALUES (429, 13, 3, 9724.00, '12.05.2015', '12.04.2015');
INSERT INTO `store`.`sale_history` (`id`, `sale_id`, `status_id`, `sale_sum`, `active_from`, `active_to`) VALUES (430, 16, 2, 4318.00, '19.06.2015', '18.05.2015');
INSERT INTO `store`.`sale_history` (`id`, `sale_id`, `status_id`, `sale_sum`, `active_from`, `active_to`) VALUES (431, 38, 4, 9162.00, '23.01.2015', '26.02.2015');
INSERT INTO `store`.`sale_history` (`id`, `sale_id`, `status_id`, `sale_sum`, `active_from`, `active_to`) VALUES (432, 26, 5, 4604.00, '17.04.2015', '18.02.2015');
INSERT INTO `store`.`sale_history` (`id`, `sale_id`, `status_id`, `sale_sum`, `active_from`, `active_to`) VALUES (433, 15, 2, 6159.00, '18.01.2015', '24.05.2015');
INSERT INTO `store`.`sale_history` (`id`, `sale_id`, `status_id`, `sale_sum`, `active_from`, `active_to`) VALUES (434, 78, 2, 4494.00, '17.01.2015', '11.02.2015');
INSERT INTO `store`.`sale_history` (`id`, `sale_id`, `status_id`, `sale_sum`, `active_from`, `active_to`) VALUES (435, 6, 4, 9699.00, '03.02.2015', '14.05.2015');
INSERT INTO `store`.`sale_history` (`id`, `sale_id`, `status_id`, `sale_sum`, `active_from`, `active_to`) VALUES (436, 16, 5, 4430.00, '26.03.2015', '24.03.2015');
INSERT INTO `store`.`sale_history` (`id`, `sale_id`, `status_id`, `sale_sum`, `active_from`, `active_to`) VALUES (437, 61, 7, 4822.00, '21.02.2015', '12.02.2015');
INSERT INTO `store`.`sale_history` (`id`, `sale_id`, `status_id`, `sale_sum`, `active_from`, `active_to`) VALUES (438, 48, 5, 6667.00, '23.03.2015', '22.04.2015');
INSERT INTO `store`.`sale_history` (`id`, `sale_id`, `status_id`, `sale_sum`, `active_from`, `active_to`) VALUES (439, 63, 3, 6364.00, '12.03.2015', '14.03.2015');
INSERT INTO `store`.`sale_history` (`id`, `sale_id`, `status_id`, `sale_sum`, `active_from`, `active_to`) VALUES (440, 96, 1, 4947.00, '21.03.2015', '28.01.2015');
INSERT INTO `store`.`sale_history` (`id`, `sale_id`, `status_id`, `sale_sum`, `active_from`, `active_to`) VALUES (441, 9, 6, 2316.00, '29.03.2015', '11.03.2015');
INSERT INTO `store`.`sale_history` (`id`, `sale_id`, `status_id`, `sale_sum`, `active_from`, `active_to`) VALUES (442, 68, 4, 8173.00, '14.03.2015', '06.03.2015');
INSERT INTO `store`.`sale_history` (`id`, `sale_id`, `status_id`, `sale_sum`, `active_from`, `active_to`) VALUES (443, 18, 5, 5064.00, '16.04.2015', '04.05.2015');
INSERT INTO `store`.`sale_history` (`id`, `sale_id`, `status_id`, `sale_sum`, `active_from`, `active_to`) VALUES (444, 16, 6, 2179.00, '22.01.2015', '15.05.2015');
INSERT INTO `store`.`sale_history` (`id`, `sale_id`, `status_id`, `sale_sum`, `active_from`, `active_to`) VALUES (445, 48, 6, 2769.00, '07.06.2015', '19.02.2015');
INSERT INTO `store`.`sale_history` (`id`, `sale_id`, `status_id`, `sale_sum`, `active_from`, `active_to`) VALUES (446, 38, 1, 5111.00, '29.06.2015', '15.02.2015');
INSERT INTO `store`.`sale_history` (`id`, `sale_id`, `status_id`, `sale_sum`, `active_from`, `active_to`) VALUES (447, 28, 5, 3759.00, '28.04.2015', '19.05.2015');
INSERT INTO `store`.`sale_history` (`id`, `sale_id`, `status_id`, `sale_sum`, `active_from`, `active_to`) VALUES (448, 72, 7, 5434.00, '06.05.2015', '04.01.2015');
INSERT INTO `store`.`sale_history` (`id`, `sale_id`, `status_id`, `sale_sum`, `active_from`, `active_to`) VALUES (449, 93, 6, 2337.00, '09.06.2015', '29.01.2015');
INSERT INTO `store`.`sale_history` (`id`, `sale_id`, `status_id`, `sale_sum`, `active_from`, `active_to`) VALUES (450, 86, 3, 7480.00, '25.05.2015', '18.06.2015');
INSERT INTO `store`.`sale_history` (`id`, `sale_id`, `status_id`, `sale_sum`, `active_from`, `active_to`) VALUES (451, 58, 6, 2877.00, '28.01.2015', '01.06.2015');
INSERT INTO `store`.`sale_history` (`id`, `sale_id`, `status_id`, `sale_sum`, `active_from`, `active_to`) VALUES (452, 100, 6, 9281.00, '23.05.2015', '01.05.2015');
INSERT INTO `store`.`sale_history` (`id`, `sale_id`, `status_id`, `sale_sum`, `active_from`, `active_to`) VALUES (453, 24, 4, 6784.00, '10.03.2015', '06.05.2015');
INSERT INTO `store`.`sale_history` (`id`, `sale_id`, `status_id`, `sale_sum`, `active_from`, `active_to`) VALUES (454, 76, 7, 4799.00, '03.05.2015', '17.01.2015');
INSERT INTO `store`.`sale_history` (`id`, `sale_id`, `status_id`, `sale_sum`, `active_from`, `active_to`) VALUES (455, 9, 2, 2643.00, '01.06.2015', '04.02.2015');
INSERT INTO `store`.`sale_history` (`id`, `sale_id`, `status_id`, `sale_sum`, `active_from`, `active_to`) VALUES (456, 59, 7, 8273.00, '06.06.2015', '20.06.2015');
INSERT INTO `store`.`sale_history` (`id`, `sale_id`, `status_id`, `sale_sum`, `active_from`, `active_to`) VALUES (457, 27, 2, 7945.00, '07.02.2015', '03.01.2015');
INSERT INTO `store`.`sale_history` (`id`, `sale_id`, `status_id`, `sale_sum`, `active_from`, `active_to`) VALUES (458, 8, 1, 2037.00, '05.03.2015', '26.06.2015');
INSERT INTO `store`.`sale_history` (`id`, `sale_id`, `status_id`, `sale_sum`, `active_from`, `active_to`) VALUES (459, 93, 2, 4002.00, '07.04.2015', '27.04.2015');
INSERT INTO `store`.`sale_history` (`id`, `sale_id`, `status_id`, `sale_sum`, `active_from`, `active_to`) VALUES (460, 55, 5, 5448.00, '08.06.2015', '27.05.2015');
INSERT INTO `store`.`sale_history` (`id`, `sale_id`, `status_id`, `sale_sum`, `active_from`, `active_to`) VALUES (461, 6, 6, 8803.00, '20.02.2015', '16.06.2015');
INSERT INTO `store`.`sale_history` (`id`, `sale_id`, `status_id`, `sale_sum`, `active_from`, `active_to`) VALUES (462, 64, 2, 4609.00, '14.03.2015', '09.04.2015');
INSERT INTO `store`.`sale_history` (`id`, `sale_id`, `status_id`, `sale_sum`, `active_from`, `active_to`) VALUES (463, 54, 7, 9479.00, '07.03.2015', '23.05.2015');
INSERT INTO `store`.`sale_history` (`id`, `sale_id`, `status_id`, `sale_sum`, `active_from`, `active_to`) VALUES (464, 87, 4, 8579.00, '23.04.2015', '15.06.2015');
INSERT INTO `store`.`sale_history` (`id`, `sale_id`, `status_id`, `sale_sum`, `active_from`, `active_to`) VALUES (465, 6, 4, 9517.00, '24.02.2015', '04.01.2015');
INSERT INTO `store`.`sale_history` (`id`, `sale_id`, `status_id`, `sale_sum`, `active_from`, `active_to`) VALUES (466, 52, 7, 8845.00, '12.02.2015', '28.02.2015');
INSERT INTO `store`.`sale_history` (`id`, `sale_id`, `status_id`, `sale_sum`, `active_from`, `active_to`) VALUES (467, 57, 6, 2176.00, '07.03.2015', '13.03.2015');
INSERT INTO `store`.`sale_history` (`id`, `sale_id`, `status_id`, `sale_sum`, `active_from`, `active_to`) VALUES (468, 10, 5, 9732.00, '27.04.2015', '15.02.2015');
INSERT INTO `store`.`sale_history` (`id`, `sale_id`, `status_id`, `sale_sum`, `active_from`, `active_to`) VALUES (469, 12, 7, 5192.00, '23.05.2015', '17.03.2015');
INSERT INTO `store`.`sale_history` (`id`, `sale_id`, `status_id`, `sale_sum`, `active_from`, `active_to`) VALUES (470, 22, 5, 8904.00, '13.01.2015', '02.03.2015');
INSERT INTO `store`.`sale_history` (`id`, `sale_id`, `status_id`, `sale_sum`, `active_from`, `active_to`) VALUES (471, 91, 6, 9694.00, '02.02.2015', '19.06.2015');
INSERT INTO `store`.`sale_history` (`id`, `sale_id`, `status_id`, `sale_sum`, `active_from`, `active_to`) VALUES (472, 80, 1, 3022.00, '25.06.2015', '31.05.2015');
INSERT INTO `store`.`sale_history` (`id`, `sale_id`, `status_id`, `sale_sum`, `active_from`, `active_to`) VALUES (473, 55, 5, 1305.00, '22.04.2015', '13.03.2015');
INSERT INTO `store`.`sale_history` (`id`, `sale_id`, `status_id`, `sale_sum`, `active_from`, `active_to`) VALUES (474, 17, 7, 1370.00, '12.05.2015', '14.01.2015');
INSERT INTO `store`.`sale_history` (`id`, `sale_id`, `status_id`, `sale_sum`, `active_from`, `active_to`) VALUES (475, 13, 5, 1875.00, '08.01.2015', '17.05.2015');
INSERT INTO `store`.`sale_history` (`id`, `sale_id`, `status_id`, `sale_sum`, `active_from`, `active_to`) VALUES (476, 92, 6, 3561.00, '23.01.2015', '20.05.2015');
INSERT INTO `store`.`sale_history` (`id`, `sale_id`, `status_id`, `sale_sum`, `active_from`, `active_to`) VALUES (477, 18, 5, 2528.00, '13.03.2015', '06.06.2015');
INSERT INTO `store`.`sale_history` (`id`, `sale_id`, `status_id`, `sale_sum`, `active_from`, `active_to`) VALUES (478, 66, 7, 2276.00, '08.03.2015', '22.01.2015');
INSERT INTO `store`.`sale_history` (`id`, `sale_id`, `status_id`, `sale_sum`, `active_from`, `active_to`) VALUES (479, 31, 3, 3514.00, '27.06.2015', '15.04.2015');
INSERT INTO `store`.`sale_history` (`id`, `sale_id`, `status_id`, `sale_sum`, `active_from`, `active_to`) VALUES (480, 31, 6, 3199.00, '22.06.2015', '16.05.2015');
INSERT INTO `store`.`sale_history` (`id`, `sale_id`, `status_id`, `sale_sum`, `active_from`, `active_to`) VALUES (481, 61, 5, 4627.00, '08.02.2015', '23.03.2015');
INSERT INTO `store`.`sale_history` (`id`, `sale_id`, `status_id`, `sale_sum`, `active_from`, `active_to`) VALUES (482, 10, 2, 7784.00, '29.05.2015', '31.05.2015');
INSERT INTO `store`.`sale_history` (`id`, `sale_id`, `status_id`, `sale_sum`, `active_from`, `active_to`) VALUES (483, 98, 7, 3571.00, '26.04.2015', '13.02.2015');
INSERT INTO `store`.`sale_history` (`id`, `sale_id`, `status_id`, `sale_sum`, `active_from`, `active_to`) VALUES (484, 52, 6, 4294.00, '24.01.2015', '12.02.2015');
INSERT INTO `store`.`sale_history` (`id`, `sale_id`, `status_id`, `sale_sum`, `active_from`, `active_to`) VALUES (485, 73, 6, 8013.00, '06.03.2015', '23.06.2015');
INSERT INTO `store`.`sale_history` (`id`, `sale_id`, `status_id`, `sale_sum`, `active_from`, `active_to`) VALUES (486, 33, 4, 4545.00, '07.06.2015', '11.03.2015');
INSERT INTO `store`.`sale_history` (`id`, `sale_id`, `status_id`, `sale_sum`, `active_from`, `active_to`) VALUES (487, 1, 5, 9881.00, '24.04.2015', '08.03.2015');
INSERT INTO `store`.`sale_history` (`id`, `sale_id`, `status_id`, `sale_sum`, `active_from`, `active_to`) VALUES (488, 74, 5, 1811.00, '15.04.2015', '20.02.2015');
INSERT INTO `store`.`sale_history` (`id`, `sale_id`, `status_id`, `sale_sum`, `active_from`, `active_to`) VALUES (489, 69, 1, 8419.00, '30.04.2015', '01.06.2015');
INSERT INTO `store`.`sale_history` (`id`, `sale_id`, `status_id`, `sale_sum`, `active_from`, `active_to`) VALUES (490, 74, 6, 7003.00, '13.03.2015', '05.04.2015');
INSERT INTO `store`.`sale_history` (`id`, `sale_id`, `status_id`, `sale_sum`, `active_from`, `active_to`) VALUES (491, 20, 5, 6456.00, '01.02.2015', '19.03.2015');
INSERT INTO `store`.`sale_history` (`id`, `sale_id`, `status_id`, `sale_sum`, `active_from`, `active_to`) VALUES (492, 24, 3, 4565.00, '09.06.2015', '01.06.2015');
INSERT INTO `store`.`sale_history` (`id`, `sale_id`, `status_id`, `sale_sum`, `active_from`, `active_to`) VALUES (493, 89, 6, 7420.00, '15.02.2015', '21.02.2015');
INSERT INTO `store`.`sale_history` (`id`, `sale_id`, `status_id`, `sale_sum`, `active_from`, `active_to`) VALUES (494, 43, 4, 7373.00, '18.04.2015', '25.06.2015');
INSERT INTO `store`.`sale_history` (`id`, `sale_id`, `status_id`, `sale_sum`, `active_from`, `active_to`) VALUES (495, 18, 4, 5599.00, '22.02.2015', '30.06.2015');
INSERT INTO `store`.`sale_history` (`id`, `sale_id`, `status_id`, `sale_sum`, `active_from`, `active_to`) VALUES (496, 61, 3, 3777.00, '05.03.2015', '13.05.2015');
INSERT INTO `store`.`sale_history` (`id`, `sale_id`, `status_id`, `sale_sum`, `active_from`, `active_to`) VALUES (497, 19, 5, 7392.00, '06.02.2015', '14.02.2015');
INSERT INTO `store`.`sale_history` (`id`, `sale_id`, `status_id`, `sale_sum`, `active_from`, `active_to`) VALUES (498, 4, 1, 2132.00, '11.02.2015', '11.05.2015');
INSERT INTO `store`.`sale_history` (`id`, `sale_id`, `status_id`, `sale_sum`, `active_from`, `active_to`) VALUES (499, 35, 5, 3375.00, '26.06.2015', '07.06.2015');
INSERT INTO `store`.`sale_history` (`id`, `sale_id`, `status_id`, `sale_sum`, `active_from`, `active_to`) VALUES (500, 11, 6, 8606.00, '01.03.2015', '03.02.2015');
INSERT INTO `store`.`sale_history` (`id`, `sale_id`, `status_id`, `sale_sum`, `active_from`, `active_to`) VALUES (501, 28, 4, 5734.00, '28.06.2015', '14.03.2015');
INSERT INTO `store`.`sale_history` (`id`, `sale_id`, `status_id`, `sale_sum`, `active_from`, `active_to`) VALUES (502, 76, 1, 2212.00, '24.01.2015', '08.05.2015');
INSERT INTO `store`.`sale_history` (`id`, `sale_id`, `status_id`, `sale_sum`, `active_from`, `active_to`) VALUES (503, 65, 4, 3932.00, '26.04.2015', '30.06.2015');
INSERT INTO `store`.`sale_history` (`id`, `sale_id`, `status_id`, `sale_sum`, `active_from`, `active_to`) VALUES (504, 9, 6, 5841.00, '20.06.2015', '05.02.2015');
INSERT INTO `store`.`sale_history` (`id`, `sale_id`, `status_id`, `sale_sum`, `active_from`, `active_to`) VALUES (505, 12, 7, 1209.00, '16.03.2015', '30.03.2015');
INSERT INTO `store`.`sale_history` (`id`, `sale_id`, `status_id`, `sale_sum`, `active_from`, `active_to`) VALUES (506, 33, 5, 8081.00, '07.05.2015', '05.01.2015');
INSERT INTO `store`.`sale_history` (`id`, `sale_id`, `status_id`, `sale_sum`, `active_from`, `active_to`) VALUES (507, 37, 1, 6602.00, '26.01.2015', '21.02.2015');
INSERT INTO `store`.`sale_history` (`id`, `sale_id`, `status_id`, `sale_sum`, `active_from`, `active_to`) VALUES (508, 64, 1, 7410.00, '02.05.2015', '12.06.2015');
INSERT INTO `store`.`sale_history` (`id`, `sale_id`, `status_id`, `sale_sum`, `active_from`, `active_to`) VALUES (509, 13, 5, 6356.00, '26.01.2015', '25.05.2015');
INSERT INTO `store`.`sale_history` (`id`, `sale_id`, `status_id`, `sale_sum`, `active_from`, `active_to`) VALUES (510, 14, 7, 9672.00, '02.03.2015', '03.04.2015');
INSERT INTO `store`.`sale_history` (`id`, `sale_id`, `status_id`, `sale_sum`, `active_from`, `active_to`) VALUES (511, 68, 7, 5637.00, '31.05.2015', '15.02.2015');
INSERT INTO `store`.`sale_history` (`id`, `sale_id`, `status_id`, `sale_sum`, `active_from`, `active_to`) VALUES (512, 54, 5, 9039.00, '08.03.2015', '11.05.2015');
INSERT INTO `store`.`sale_history` (`id`, `sale_id`, `status_id`, `sale_sum`, `active_from`, `active_to`) VALUES (513, 54, 1, 8566.00, '19.06.2015', '13.02.2015');
INSERT INTO `store`.`sale_history` (`id`, `sale_id`, `status_id`, `sale_sum`, `active_from`, `active_to`) VALUES (514, 42, 7, 6634.00, '30.04.2015', '10.03.2015');
INSERT INTO `store`.`sale_history` (`id`, `sale_id`, `status_id`, `sale_sum`, `active_from`, `active_to`) VALUES (515, 67, 4, 2207.00, '20.02.2015', '04.06.2015');
INSERT INTO `store`.`sale_history` (`id`, `sale_id`, `status_id`, `sale_sum`, `active_from`, `active_to`) VALUES (516, 43, 1, 9892.00, '17.04.2015', '26.06.2015');
INSERT INTO `store`.`sale_history` (`id`, `sale_id`, `status_id`, `sale_sum`, `active_from`, `active_to`) VALUES (517, 89, 2, 1906.00, '08.02.2015', '20.06.2015');
INSERT INTO `store`.`sale_history` (`id`, `sale_id`, `status_id`, `sale_sum`, `active_from`, `active_to`) VALUES (518, 91, 4, 7545.00, '04.01.2015', '23.01.2015');
INSERT INTO `store`.`sale_history` (`id`, `sale_id`, `status_id`, `sale_sum`, `active_from`, `active_to`) VALUES (519, 96, 2, 7422.00, '19.01.2015', '11.04.2015');
INSERT INTO `store`.`sale_history` (`id`, `sale_id`, `status_id`, `sale_sum`, `active_from`, `active_to`) VALUES (520, 9, 5, 8135.00, '30.04.2015', '31.03.2015');
INSERT INTO `store`.`sale_history` (`id`, `sale_id`, `status_id`, `sale_sum`, `active_from`, `active_to`) VALUES (521, 2, 4, 3332.00, '05.02.2015', '08.05.2015');
INSERT INTO `store`.`sale_history` (`id`, `sale_id`, `status_id`, `sale_sum`, `active_from`, `active_to`) VALUES (522, 42, 6, 8651.00, '11.03.2015', '20.06.2015');
INSERT INTO `store`.`sale_history` (`id`, `sale_id`, `status_id`, `sale_sum`, `active_from`, `active_to`) VALUES (523, 88, 1, 5970.00, '11.02.2015', '28.05.2015');
INSERT INTO `store`.`sale_history` (`id`, `sale_id`, `status_id`, `sale_sum`, `active_from`, `active_to`) VALUES (524, 12, 7, 9092.00, '18.02.2015', '17.03.2015');
INSERT INTO `store`.`sale_history` (`id`, `sale_id`, `status_id`, `sale_sum`, `active_from`, `active_to`) VALUES (525, 33, 7, 6471.00, '15.01.2015', '13.04.2015');
INSERT INTO `store`.`sale_history` (`id`, `sale_id`, `status_id`, `sale_sum`, `active_from`, `active_to`) VALUES (526, 49, 6, 6920.00, '09.04.2015', '20.03.2015');
INSERT INTO `store`.`sale_history` (`id`, `sale_id`, `status_id`, `sale_sum`, `active_from`, `active_to`) VALUES (527, 84, 1, 6284.00, '04.03.2015', '02.02.2015');
INSERT INTO `store`.`sale_history` (`id`, `sale_id`, `status_id`, `sale_sum`, `active_from`, `active_to`) VALUES (528, 41, 5, 6667.00, '31.03.2015', '25.02.2015');
INSERT INTO `store`.`sale_history` (`id`, `sale_id`, `status_id`, `sale_sum`, `active_from`, `active_to`) VALUES (529, 87, 3, 9687.00, '07.06.2015', '03.04.2015');
INSERT INTO `store`.`sale_history` (`id`, `sale_id`, `status_id`, `sale_sum`, `active_from`, `active_to`) VALUES (530, 64, 5, 2153.00, '15.03.2015', '12.01.2015');
INSERT INTO `store`.`sale_history` (`id`, `sale_id`, `status_id`, `sale_sum`, `active_from`, `active_to`) VALUES (531, 39, 1, 6815.00, '24.06.2015', '21.02.2015');
INSERT INTO `store`.`sale_history` (`id`, `sale_id`, `status_id`, `sale_sum`, `active_from`, `active_to`) VALUES (532, 86, 5, 9289.00, '17.05.2015', '04.04.2015');
INSERT INTO `store`.`sale_history` (`id`, `sale_id`, `status_id`, `sale_sum`, `active_from`, `active_to`) VALUES (533, 4, 2, 9959.00, '28.02.2015', '04.01.2015');
INSERT INTO `store`.`sale_history` (`id`, `sale_id`, `status_id`, `sale_sum`, `active_from`, `active_to`) VALUES (534, 13, 4, 8553.00, '04.06.2015', '22.03.2015');
INSERT INTO `store`.`sale_history` (`id`, `sale_id`, `status_id`, `sale_sum`, `active_from`, `active_to`) VALUES (535, 62, 6, 7728.00, '13.02.2015', '08.01.2015');
INSERT INTO `store`.`sale_history` (`id`, `sale_id`, `status_id`, `sale_sum`, `active_from`, `active_to`) VALUES (536, 16, 7, 9166.00, '11.02.2015', '13.02.2015');
INSERT INTO `store`.`sale_history` (`id`, `sale_id`, `status_id`, `sale_sum`, `active_from`, `active_to`) VALUES (537, 15, 1, 3847.00, '19.06.2015', '25.05.2015');
INSERT INTO `store`.`sale_history` (`id`, `sale_id`, `status_id`, `sale_sum`, `active_from`, `active_to`) VALUES (538, 30, 7, 1152.00, '15.03.2015', '21.03.2015');
INSERT INTO `store`.`sale_history` (`id`, `sale_id`, `status_id`, `sale_sum`, `active_from`, `active_to`) VALUES (539, 79, 1, 3140.00, '10.06.2015', '01.06.2015');
INSERT INTO `store`.`sale_history` (`id`, `sale_id`, `status_id`, `sale_sum`, `active_from`, `active_to`) VALUES (540, 17, 5, 7360.00, '16.05.2015', '15.02.2015');
INSERT INTO `store`.`sale_history` (`id`, `sale_id`, `status_id`, `sale_sum`, `active_from`, `active_to`) VALUES (541, 17, 6, 4440.00, '30.04.2015', '01.06.2015');
INSERT INTO `store`.`sale_history` (`id`, `sale_id`, `status_id`, `sale_sum`, `active_from`, `active_to`) VALUES (542, 23, 5, 4926.00, '12.06.2015', '19.05.2015');
INSERT INTO `store`.`sale_history` (`id`, `sale_id`, `status_id`, `sale_sum`, `active_from`, `active_to`) VALUES (543, 1, 3, 8394.00, '27.03.2015', '15.05.2015');
INSERT INTO `store`.`sale_history` (`id`, `sale_id`, `status_id`, `sale_sum`, `active_from`, `active_to`) VALUES (544, 84, 6, 5125.00, '19.06.2015', '04.06.2015');
INSERT INTO `store`.`sale_history` (`id`, `sale_id`, `status_id`, `sale_sum`, `active_from`, `active_to`) VALUES (545, 44, 2, 9647.00, '27.01.2015', '06.06.2015');
INSERT INTO `store`.`sale_history` (`id`, `sale_id`, `status_id`, `sale_sum`, `active_from`, `active_to`) VALUES (546, 25, 3, 1151.00, '02.03.2015', '25.04.2015');
INSERT INTO `store`.`sale_history` (`id`, `sale_id`, `status_id`, `sale_sum`, `active_from`, `active_to`) VALUES (547, 99, 5, 3496.00, '07.02.2015', '24.05.2015');
INSERT INTO `store`.`sale_history` (`id`, `sale_id`, `status_id`, `sale_sum`, `active_from`, `active_to`) VALUES (548, 99, 5, 3974.00, '10.04.2015', '12.02.2015');
INSERT INTO `store`.`sale_history` (`id`, `sale_id`, `status_id`, `sale_sum`, `active_from`, `active_to`) VALUES (549, 18, 1, 1984.00, '30.06.2015', '02.06.2015');
INSERT INTO `store`.`sale_history` (`id`, `sale_id`, `status_id`, `sale_sum`, `active_from`, `active_to`) VALUES (550, 24, 1, 6817.00, '28.05.2015', '01.05.2015');
INSERT INTO `store`.`sale_history` (`id`, `sale_id`, `status_id`, `sale_sum`, `active_from`, `active_to`) VALUES (551, 28, 4, 8324.00, '24.06.2015', '04.04.2015');
INSERT INTO `store`.`sale_history` (`id`, `sale_id`, `status_id`, `sale_sum`, `active_from`, `active_to`) VALUES (552, 55, 7, 6609.00, '10.01.2015', '04.05.2015');
INSERT INTO `store`.`sale_history` (`id`, `sale_id`, `status_id`, `sale_sum`, `active_from`, `active_to`) VALUES (553, 90, 3, 3419.00, '15.04.2015', '19.04.2015');
INSERT INTO `store`.`sale_history` (`id`, `sale_id`, `status_id`, `sale_sum`, `active_from`, `active_to`) VALUES (554, 12, 5, 3773.00, '30.04.2015', '24.01.2015');
INSERT INTO `store`.`sale_history` (`id`, `sale_id`, `status_id`, `sale_sum`, `active_from`, `active_to`) VALUES (555, 80, 5, 8195.00, '02.02.2015', '31.01.2015');
INSERT INTO `store`.`sale_history` (`id`, `sale_id`, `status_id`, `sale_sum`, `active_from`, `active_to`) VALUES (556, 12, 5, 1929.00, '11.05.2015', '31.05.2015');
INSERT INTO `store`.`sale_history` (`id`, `sale_id`, `status_id`, `sale_sum`, `active_from`, `active_to`) VALUES (557, 69, 2, 6705.00, '10.04.2015', '28.01.2015');
INSERT INTO `store`.`sale_history` (`id`, `sale_id`, `status_id`, `sale_sum`, `active_from`, `active_to`) VALUES (558, 20, 3, 6490.00, '11.04.2015', '26.04.2015');
INSERT INTO `store`.`sale_history` (`id`, `sale_id`, `status_id`, `sale_sum`, `active_from`, `active_to`) VALUES (559, 33, 3, 5538.00, '20.02.2015', '05.05.2015');
INSERT INTO `store`.`sale_history` (`id`, `sale_id`, `status_id`, `sale_sum`, `active_from`, `active_to`) VALUES (560, 51, 5, 6769.00, '23.03.2015', '02.01.2015');
INSERT INTO `store`.`sale_history` (`id`, `sale_id`, `status_id`, `sale_sum`, `active_from`, `active_to`) VALUES (561, 42, 6, 9329.00, '02.02.2015', '14.02.2015');
INSERT INTO `store`.`sale_history` (`id`, `sale_id`, `status_id`, `sale_sum`, `active_from`, `active_to`) VALUES (562, 45, 2, 2127.00, '23.01.2015', '15.01.2015');
INSERT INTO `store`.`sale_history` (`id`, `sale_id`, `status_id`, `sale_sum`, `active_from`, `active_to`) VALUES (563, 92, 2, 6794.00, '05.03.2015', '14.04.2015');
INSERT INTO `store`.`sale_history` (`id`, `sale_id`, `status_id`, `sale_sum`, `active_from`, `active_to`) VALUES (564, 42, 1, 2099.00, '18.04.2015', '23.06.2015');
INSERT INTO `store`.`sale_history` (`id`, `sale_id`, `status_id`, `sale_sum`, `active_from`, `active_to`) VALUES (565, 49, 2, 2414.00, '15.06.2015', '27.04.2015');
INSERT INTO `store`.`sale_history` (`id`, `sale_id`, `status_id`, `sale_sum`, `active_from`, `active_to`) VALUES (566, 83, 5, 1980.00, '03.02.2015', '27.03.2015');
INSERT INTO `store`.`sale_history` (`id`, `sale_id`, `status_id`, `sale_sum`, `active_from`, `active_to`) VALUES (567, 63, 1, 5209.00, '21.06.2015', '15.06.2015');
INSERT INTO `store`.`sale_history` (`id`, `sale_id`, `status_id`, `sale_sum`, `active_from`, `active_to`) VALUES (568, 95, 7, 2881.00, '09.01.2015', '05.06.2015');
INSERT INTO `store`.`sale_history` (`id`, `sale_id`, `status_id`, `sale_sum`, `active_from`, `active_to`) VALUES (569, 26, 3, 2372.00, '17.04.2015', '06.02.2015');
INSERT INTO `store`.`sale_history` (`id`, `sale_id`, `status_id`, `sale_sum`, `active_from`, `active_to`) VALUES (570, 66, 3, 6511.00, '30.03.2015', '14.05.2015');
INSERT INTO `store`.`sale_history` (`id`, `sale_id`, `status_id`, `sale_sum`, `active_from`, `active_to`) VALUES (571, 34, 2, 4342.00, '13.03.2015', '02.06.2015');
INSERT INTO `store`.`sale_history` (`id`, `sale_id`, `status_id`, `sale_sum`, `active_from`, `active_to`) VALUES (572, 62, 4, 3869.00, '22.06.2015', '30.01.2015');
INSERT INTO `store`.`sale_history` (`id`, `sale_id`, `status_id`, `sale_sum`, `active_from`, `active_to`) VALUES (573, 82, 5, 2302.00, '05.02.2015', '21.04.2015');
INSERT INTO `store`.`sale_history` (`id`, `sale_id`, `status_id`, `sale_sum`, `active_from`, `active_to`) VALUES (574, 32, 4, 3081.00, '05.01.2015', '06.04.2015');
INSERT INTO `store`.`sale_history` (`id`, `sale_id`, `status_id`, `sale_sum`, `active_from`, `active_to`) VALUES (575, 85, 5, 8885.00, '04.05.2015', '09.03.2015');
INSERT INTO `store`.`sale_history` (`id`, `sale_id`, `status_id`, `sale_sum`, `active_from`, `active_to`) VALUES (576, 24, 5, 3239.00, '06.03.2015', '11.06.2015');
INSERT INTO `store`.`sale_history` (`id`, `sale_id`, `status_id`, `sale_sum`, `active_from`, `active_to`) VALUES (577, 13, 1, 4342.00, '13.04.2015', '19.01.2015');
INSERT INTO `store`.`sale_history` (`id`, `sale_id`, `status_id`, `sale_sum`, `active_from`, `active_to`) VALUES (578, 75, 1, 4564.00, '08.06.2015', '27.03.2015');
INSERT INTO `store`.`sale_history` (`id`, `sale_id`, `status_id`, `sale_sum`, `active_from`, `active_to`) VALUES (579, 16, 1, 7998.00, '03.02.2015', '11.05.2015');
INSERT INTO `store`.`sale_history` (`id`, `sale_id`, `status_id`, `sale_sum`, `active_from`, `active_to`) VALUES (580, 8, 4, 3032.00, '08.04.2015', '28.03.2015');
INSERT INTO `store`.`sale_history` (`id`, `sale_id`, `status_id`, `sale_sum`, `active_from`, `active_to`) VALUES (581, 68, 4, 8987.00, '08.06.2015', '07.06.2015');
INSERT INTO `store`.`sale_history` (`id`, `sale_id`, `status_id`, `sale_sum`, `active_from`, `active_to`) VALUES (582, 60, 5, 5465.00, '14.05.2015', '26.03.2015');
INSERT INTO `store`.`sale_history` (`id`, `sale_id`, `status_id`, `sale_sum`, `active_from`, `active_to`) VALUES (583, 98, 4, 5913.00, '21.02.2015', '11.06.2015');
INSERT INTO `store`.`sale_history` (`id`, `sale_id`, `status_id`, `sale_sum`, `active_from`, `active_to`) VALUES (584, 63, 3, 9481.00, '26.04.2015', '11.04.2015');
INSERT INTO `store`.`sale_history` (`id`, `sale_id`, `status_id`, `sale_sum`, `active_from`, `active_to`) VALUES (585, 69, 7, 4841.00, '31.01.2015', '02.01.2015');
INSERT INTO `store`.`sale_history` (`id`, `sale_id`, `status_id`, `sale_sum`, `active_from`, `active_to`) VALUES (586, 45, 3, 1051.00, '03.05.2015', '29.01.2015');
INSERT INTO `store`.`sale_history` (`id`, `sale_id`, `status_id`, `sale_sum`, `active_from`, `active_to`) VALUES (587, 34, 3, 8093.00, '12.05.2015', '08.05.2015');
INSERT INTO `store`.`sale_history` (`id`, `sale_id`, `status_id`, `sale_sum`, `active_from`, `active_to`) VALUES (588, 30, 3, 2193.00, '13.06.2015', '01.04.2015');
INSERT INTO `store`.`sale_history` (`id`, `sale_id`, `status_id`, `sale_sum`, `active_from`, `active_to`) VALUES (589, 4, 7, 8991.00, '11.06.2015', '07.03.2015');
INSERT INTO `store`.`sale_history` (`id`, `sale_id`, `status_id`, `sale_sum`, `active_from`, `active_to`) VALUES (590, 2, 3, 8664.00, '22.05.2015', '18.03.2015');
INSERT INTO `store`.`sale_history` (`id`, `sale_id`, `status_id`, `sale_sum`, `active_from`, `active_to`) VALUES (591, 50, 2, 1781.00, '13.01.2015', '27.01.2015');
INSERT INTO `store`.`sale_history` (`id`, `sale_id`, `status_id`, `sale_sum`, `active_from`, `active_to`) VALUES (592, 96, 6, 1078.00, '25.03.2015', '07.04.2015');
INSERT INTO `store`.`sale_history` (`id`, `sale_id`, `status_id`, `sale_sum`, `active_from`, `active_to`) VALUES (593, 32, 2, 6182.00, '27.01.2015', '02.03.2015');
INSERT INTO `store`.`sale_history` (`id`, `sale_id`, `status_id`, `sale_sum`, `active_from`, `active_to`) VALUES (594, 73, 2, 2099.00, '14.02.2015', '05.03.2015');
INSERT INTO `store`.`sale_history` (`id`, `sale_id`, `status_id`, `sale_sum`, `active_from`, `active_to`) VALUES (595, 14, 4, 4943.00, '09.04.2015', '10.02.2015');
INSERT INTO `store`.`sale_history` (`id`, `sale_id`, `status_id`, `sale_sum`, `active_from`, `active_to`) VALUES (596, 50, 2, 8127.00, '03.04.2015', '30.03.2015');
INSERT INTO `store`.`sale_history` (`id`, `sale_id`, `status_id`, `sale_sum`, `active_from`, `active_to`) VALUES (597, 11, 6, 8114.00, '18.04.2015', '23.05.2015');
INSERT INTO `store`.`sale_history` (`id`, `sale_id`, `status_id`, `sale_sum`, `active_from`, `active_to`) VALUES (598, 46, 4, 5260.00, '21.01.2015', '01.02.2015');
INSERT INTO `store`.`sale_history` (`id`, `sale_id`, `status_id`, `sale_sum`, `active_from`, `active_to`) VALUES (599, 68, 4, 6512.00, '01.01.2015', '09.03.2015');
INSERT INTO `store`.`sale_history` (`id`, `sale_id`, `status_id`, `sale_sum`, `active_from`, `active_to`) VALUES (600, 16, 5, 4407.00, '20.06.2015', '19.05.2015');
INSERT INTO `store`.`sale_history` (`id`, `sale_id`, `status_id`, `sale_sum`, `active_from`, `active_to`) VALUES (601, 18, 1, 2129.00, '08.02.2015', '13.05.2015');
INSERT INTO `store`.`sale_history` (`id`, `sale_id`, `status_id`, `sale_sum`, `active_from`, `active_to`) VALUES (602, 31, 4, 9580.00, '26.01.2015', '28.02.2015');
INSERT INTO `store`.`sale_history` (`id`, `sale_id`, `status_id`, `sale_sum`, `active_from`, `active_to`) VALUES (603, 38, 3, 4356.00, '09.06.2015', '17.06.2015');
INSERT INTO `store`.`sale_history` (`id`, `sale_id`, `status_id`, `sale_sum`, `active_from`, `active_to`) VALUES (604, 87, 5, 5062.00, '21.04.2015', '20.06.2015');
INSERT INTO `store`.`sale_history` (`id`, `sale_id`, `status_id`, `sale_sum`, `active_from`, `active_to`) VALUES (605, 26, 7, 8648.00, '24.03.2015', '19.02.2015');
INSERT INTO `store`.`sale_history` (`id`, `sale_id`, `status_id`, `sale_sum`, `active_from`, `active_to`) VALUES (606, 98, 1, 5373.00, '12.06.2015', '24.02.2015');
INSERT INTO `store`.`sale_history` (`id`, `sale_id`, `status_id`, `sale_sum`, `active_from`, `active_to`) VALUES (607, 82, 4, 9938.00, '12.02.2015', '30.06.2015');
INSERT INTO `store`.`sale_history` (`id`, `sale_id`, `status_id`, `sale_sum`, `active_from`, `active_to`) VALUES (608, 87, 1, 6486.00, '13.03.2015', '04.05.2015');
INSERT INTO `store`.`sale_history` (`id`, `sale_id`, `status_id`, `sale_sum`, `active_from`, `active_to`) VALUES (609, 48, 2, 3198.00, '06.02.2015', '04.03.2015');
INSERT INTO `store`.`sale_history` (`id`, `sale_id`, `status_id`, `sale_sum`, `active_from`, `active_to`) VALUES (610, 64, 1, 5275.00, '08.05.2015', '10.05.2015');
INSERT INTO `store`.`sale_history` (`id`, `sale_id`, `status_id`, `sale_sum`, `active_from`, `active_to`) VALUES (611, 4, 7, 9181.00, '01.06.2015', '03.04.2015');
INSERT INTO `store`.`sale_history` (`id`, `sale_id`, `status_id`, `sale_sum`, `active_from`, `active_to`) VALUES (612, 2, 7, 4192.00, '19.06.2015', '12.05.2015');
INSERT INTO `store`.`sale_history` (`id`, `sale_id`, `status_id`, `sale_sum`, `active_from`, `active_to`) VALUES (613, 86, 4, 5699.00, '19.06.2015', '26.06.2015');
INSERT INTO `store`.`sale_history` (`id`, `sale_id`, `status_id`, `sale_sum`, `active_from`, `active_to`) VALUES (614, 22, 7, 2492.00, '16.05.2015', '13.03.2015');
INSERT INTO `store`.`sale_history` (`id`, `sale_id`, `status_id`, `sale_sum`, `active_from`, `active_to`) VALUES (615, 33, 6, 3344.00, '20.02.2015', '21.02.2015');
INSERT INTO `store`.`sale_history` (`id`, `sale_id`, `status_id`, `sale_sum`, `active_from`, `active_to`) VALUES (616, 65, 6, 5880.00, '21.03.2015', '26.06.2015');
INSERT INTO `store`.`sale_history` (`id`, `sale_id`, `status_id`, `sale_sum`, `active_from`, `active_to`) VALUES (617, 53, 7, 9419.00, '15.01.2015', '17.02.2015');
INSERT INTO `store`.`sale_history` (`id`, `sale_id`, `status_id`, `sale_sum`, `active_from`, `active_to`) VALUES (618, 2, 5, 4273.00, '30.01.2015', '30.04.2015');
INSERT INTO `store`.`sale_history` (`id`, `sale_id`, `status_id`, `sale_sum`, `active_from`, `active_to`) VALUES (619, 76, 2, 6955.00, '05.01.2015', '14.01.2015');
INSERT INTO `store`.`sale_history` (`id`, `sale_id`, `status_id`, `sale_sum`, `active_from`, `active_to`) VALUES (620, 61, 4, 2505.00, '10.05.2015', '14.01.2015');
INSERT INTO `store`.`sale_history` (`id`, `sale_id`, `status_id`, `sale_sum`, `active_from`, `active_to`) VALUES (621, 76, 4, 3704.00, '09.05.2015', '30.01.2015');
INSERT INTO `store`.`sale_history` (`id`, `sale_id`, `status_id`, `sale_sum`, `active_from`, `active_to`) VALUES (622, 89, 4, 5632.00, '07.05.2015', '24.06.2015');
INSERT INTO `store`.`sale_history` (`id`, `sale_id`, `status_id`, `sale_sum`, `active_from`, `active_to`) VALUES (623, 84, 3, 1622.00, '04.01.2015', '26.02.2015');
INSERT INTO `store`.`sale_history` (`id`, `sale_id`, `status_id`, `sale_sum`, `active_from`, `active_to`) VALUES (624, 80, 7, 4889.00, '01.02.2015', '20.05.2015');
INSERT INTO `store`.`sale_history` (`id`, `sale_id`, `status_id`, `sale_sum`, `active_from`, `active_to`) VALUES (625, 62, 3, 8170.00, '08.05.2015', '02.01.2015');
INSERT INTO `store`.`sale_history` (`id`, `sale_id`, `status_id`, `sale_sum`, `active_from`, `active_to`) VALUES (626, 87, 1, 8801.00, '23.04.2015', '03.04.2015');
INSERT INTO `store`.`sale_history` (`id`, `sale_id`, `status_id`, `sale_sum`, `active_from`, `active_to`) VALUES (627, 98, 1, 6875.00, '17.04.2015', '09.02.2015');
INSERT INTO `store`.`sale_history` (`id`, `sale_id`, `status_id`, `sale_sum`, `active_from`, `active_to`) VALUES (628, 36, 6, 6437.00, '20.04.2015', '29.01.2015');
INSERT INTO `store`.`sale_history` (`id`, `sale_id`, `status_id`, `sale_sum`, `active_from`, `active_to`) VALUES (629, 41, 6, 1169.00, '13.01.2015', '05.06.2015');
INSERT INTO `store`.`sale_history` (`id`, `sale_id`, `status_id`, `sale_sum`, `active_from`, `active_to`) VALUES (630, 24, 4, 8825.00, '24.05.2015', '26.06.2015');
INSERT INTO `store`.`sale_history` (`id`, `sale_id`, `status_id`, `sale_sum`, `active_from`, `active_to`) VALUES (631, 7, 3, 3660.00, '05.06.2015', '11.02.2015');
INSERT INTO `store`.`sale_history` (`id`, `sale_id`, `status_id`, `sale_sum`, `active_from`, `active_to`) VALUES (632, 60, 4, 5004.00, '30.06.2015', '29.06.2015');
INSERT INTO `store`.`sale_history` (`id`, `sale_id`, `status_id`, `sale_sum`, `active_from`, `active_to`) VALUES (633, 35, 7, 9620.00, '28.04.2015', '11.04.2015');
INSERT INTO `store`.`sale_history` (`id`, `sale_id`, `status_id`, `sale_sum`, `active_from`, `active_to`) VALUES (634, 45, 3, 5677.00, '06.04.2015', '24.03.2015');
INSERT INTO `store`.`sale_history` (`id`, `sale_id`, `status_id`, `sale_sum`, `active_from`, `active_to`) VALUES (635, 70, 1, 9738.00, '13.04.2015', '26.03.2015');
INSERT INTO `store`.`sale_history` (`id`, `sale_id`, `status_id`, `sale_sum`, `active_from`, `active_to`) VALUES (636, 43, 1, 8649.00, '17.02.2015', '16.02.2015');
INSERT INTO `store`.`sale_history` (`id`, `sale_id`, `status_id`, `sale_sum`, `active_from`, `active_to`) VALUES (637, 60, 5, 3836.00, '07.01.2015', '09.02.2015');
INSERT INTO `store`.`sale_history` (`id`, `sale_id`, `status_id`, `sale_sum`, `active_from`, `active_to`) VALUES (638, 94, 4, 9811.00, '11.05.2015', '01.04.2015');
INSERT INTO `store`.`sale_history` (`id`, `sale_id`, `status_id`, `sale_sum`, `active_from`, `active_to`) VALUES (639, 21, 7, 1954.00, '20.02.2015', '04.06.2015');
INSERT INTO `store`.`sale_history` (`id`, `sale_id`, `status_id`, `sale_sum`, `active_from`, `active_to`) VALUES (640, 14, 5, 5004.00, '20.04.2015', '30.06.2015');
INSERT INTO `store`.`sale_history` (`id`, `sale_id`, `status_id`, `sale_sum`, `active_from`, `active_to`) VALUES (641, 14, 6, 4818.00, '02.04.2015', '13.02.2015');
INSERT INTO `store`.`sale_history` (`id`, `sale_id`, `status_id`, `sale_sum`, `active_from`, `active_to`) VALUES (642, 30, 2, 2622.00, '27.05.2015', '20.05.2015');
INSERT INTO `store`.`sale_history` (`id`, `sale_id`, `status_id`, `sale_sum`, `active_from`, `active_to`) VALUES (643, 7, 3, 1980.00, '01.01.2015', '20.05.2015');
INSERT INTO `store`.`sale_history` (`id`, `sale_id`, `status_id`, `sale_sum`, `active_from`, `active_to`) VALUES (644, 27, 2, 9773.00, '03.03.2015', '01.06.2015');
INSERT INTO `store`.`sale_history` (`id`, `sale_id`, `status_id`, `sale_sum`, `active_from`, `active_to`) VALUES (645, 14, 2, 5407.00, '22.01.2015', '03.03.2015');
INSERT INTO `store`.`sale_history` (`id`, `sale_id`, `status_id`, `sale_sum`, `active_from`, `active_to`) VALUES (646, 14, 1, 2658.00, '12.05.2015', '10.04.2015');
INSERT INTO `store`.`sale_history` (`id`, `sale_id`, `status_id`, `sale_sum`, `active_from`, `active_to`) VALUES (647, 7, 3, 4636.00, '07.04.2015', '22.06.2015');
INSERT INTO `store`.`sale_history` (`id`, `sale_id`, `status_id`, `sale_sum`, `active_from`, `active_to`) VALUES (648, 50, 6, 4165.00, '28.01.2015', '03.04.2015');
INSERT INTO `store`.`sale_history` (`id`, `sale_id`, `status_id`, `sale_sum`, `active_from`, `active_to`) VALUES (649, 89, 4, 8127.00, '12.06.2015', '22.01.2015');
INSERT INTO `store`.`sale_history` (`id`, `sale_id`, `status_id`, `sale_sum`, `active_from`, `active_to`) VALUES (650, 67, 7, 4239.00, '08.04.2015', '09.02.2015');
INSERT INTO `store`.`sale_history` (`id`, `sale_id`, `status_id`, `sale_sum`, `active_from`, `active_to`) VALUES (651, 29, 7, 3342.00, '26.06.2015', '23.03.2015');
INSERT INTO `store`.`sale_history` (`id`, `sale_id`, `status_id`, `sale_sum`, `active_from`, `active_to`) VALUES (652, 35, 1, 6621.00, '24.03.2015', '17.01.2015');
INSERT INTO `store`.`sale_history` (`id`, `sale_id`, `status_id`, `sale_sum`, `active_from`, `active_to`) VALUES (653, 96, 3, 5447.00, '08.03.2015', '02.01.2015');
INSERT INTO `store`.`sale_history` (`id`, `sale_id`, `status_id`, `sale_sum`, `active_from`, `active_to`) VALUES (654, 67, 3, 6437.00, '28.03.2015', '27.06.2015');
INSERT INTO `store`.`sale_history` (`id`, `sale_id`, `status_id`, `sale_sum`, `active_from`, `active_to`) VALUES (655, 38, 3, 6741.00, '20.01.2015', '17.03.2015');
INSERT INTO `store`.`sale_history` (`id`, `sale_id`, `status_id`, `sale_sum`, `active_from`, `active_to`) VALUES (656, 2, 1, 3329.00, '26.02.2015', '19.03.2015');
INSERT INTO `store`.`sale_history` (`id`, `sale_id`, `status_id`, `sale_sum`, `active_from`, `active_to`) VALUES (657, 76, 4, 3619.00, '24.01.2015', '03.06.2015');
INSERT INTO `store`.`sale_history` (`id`, `sale_id`, `status_id`, `sale_sum`, `active_from`, `active_to`) VALUES (658, 98, 1, 6359.00, '04.05.2015', '19.01.2015');
INSERT INTO `store`.`sale_history` (`id`, `sale_id`, `status_id`, `sale_sum`, `active_from`, `active_to`) VALUES (659, 69, 3, 8162.00, '06.03.2015', '23.03.2015');
INSERT INTO `store`.`sale_history` (`id`, `sale_id`, `status_id`, `sale_sum`, `active_from`, `active_to`) VALUES (660, 37, 1, 1491.00, '20.05.2015', '24.04.2015');
INSERT INTO `store`.`sale_history` (`id`, `sale_id`, `status_id`, `sale_sum`, `active_from`, `active_to`) VALUES (661, 38, 2, 3236.00, '17.05.2015', '11.02.2015');
INSERT INTO `store`.`sale_history` (`id`, `sale_id`, `status_id`, `sale_sum`, `active_from`, `active_to`) VALUES (662, 74, 4, 1708.00, '30.03.2015', '18.03.2015');
INSERT INTO `store`.`sale_history` (`id`, `sale_id`, `status_id`, `sale_sum`, `active_from`, `active_to`) VALUES (663, 39, 3, 5170.00, '24.03.2015', '09.04.2015');
INSERT INTO `store`.`sale_history` (`id`, `sale_id`, `status_id`, `sale_sum`, `active_from`, `active_to`) VALUES (664, 82, 2, 1914.00, '17.01.2015', '12.06.2015');
INSERT INTO `store`.`sale_history` (`id`, `sale_id`, `status_id`, `sale_sum`, `active_from`, `active_to`) VALUES (665, 58, 4, 5194.00, '30.04.2015', '03.04.2015');
INSERT INTO `store`.`sale_history` (`id`, `sale_id`, `status_id`, `sale_sum`, `active_from`, `active_to`) VALUES (666, 73, 1, 8495.00, '25.05.2015', '10.03.2015');
INSERT INTO `store`.`sale_history` (`id`, `sale_id`, `status_id`, `sale_sum`, `active_from`, `active_to`) VALUES (667, 92, 5, 4878.00, '07.03.2015', '12.04.2015');
INSERT INTO `store`.`sale_history` (`id`, `sale_id`, `status_id`, `sale_sum`, `active_from`, `active_to`) VALUES (668, 4, 2, 8760.00, '11.06.2015', '22.01.2015');
INSERT INTO `store`.`sale_history` (`id`, `sale_id`, `status_id`, `sale_sum`, `active_from`, `active_to`) VALUES (669, 1, 4, 3335.00, '07.01.2015', '03.05.2015');
INSERT INTO `store`.`sale_history` (`id`, `sale_id`, `status_id`, `sale_sum`, `active_from`, `active_to`) VALUES (670, 33, 2, 4693.00, '05.05.2015', '09.02.2015');
INSERT INTO `store`.`sale_history` (`id`, `sale_id`, `status_id`, `sale_sum`, `active_from`, `active_to`) VALUES (671, 39, 5, 4341.00, '10.05.2015', '22.06.2015');
INSERT INTO `store`.`sale_history` (`id`, `sale_id`, `status_id`, `sale_sum`, `active_from`, `active_to`) VALUES (672, 40, 6, 9640.00, '10.04.2015', '30.06.2015');
INSERT INTO `store`.`sale_history` (`id`, `sale_id`, `status_id`, `sale_sum`, `active_from`, `active_to`) VALUES (673, 21, 1, 4207.00, '30.06.2015', '21.01.2015');
INSERT INTO `store`.`sale_history` (`id`, `sale_id`, `status_id`, `sale_sum`, `active_from`, `active_to`) VALUES (674, 13, 7, 3733.00, '17.05.2015', '31.03.2015');
INSERT INTO `store`.`sale_history` (`id`, `sale_id`, `status_id`, `sale_sum`, `active_from`, `active_to`) VALUES (675, 84, 4, 1674.00, '10.05.2015', '26.05.2015');
INSERT INTO `store`.`sale_history` (`id`, `sale_id`, `status_id`, `sale_sum`, `active_from`, `active_to`) VALUES (676, 39, 6, 8049.00, '14.02.2015', '29.01.2015');
INSERT INTO `store`.`sale_history` (`id`, `sale_id`, `status_id`, `sale_sum`, `active_from`, `active_to`) VALUES (677, 63, 4, 6684.00, '17.02.2015', '29.01.2015');
INSERT INTO `store`.`sale_history` (`id`, `sale_id`, `status_id`, `sale_sum`, `active_from`, `active_to`) VALUES (678, 71, 5, 3827.00, '12.06.2015', '03.04.2015');
INSERT INTO `store`.`sale_history` (`id`, `sale_id`, `status_id`, `sale_sum`, `active_from`, `active_to`) VALUES (679, 96, 5, 5539.00, '09.05.2015', '11.02.2015');
INSERT INTO `store`.`sale_history` (`id`, `sale_id`, `status_id`, `sale_sum`, `active_from`, `active_to`) VALUES (680, 39, 5, 5867.00, '28.03.2015', '29.05.2015');
INSERT INTO `store`.`sale_history` (`id`, `sale_id`, `status_id`, `sale_sum`, `active_from`, `active_to`) VALUES (681, 65, 2, 5888.00, '08.01.2015', '30.04.2015');
INSERT INTO `store`.`sale_history` (`id`, `sale_id`, `status_id`, `sale_sum`, `active_from`, `active_to`) VALUES (682, 20, 1, 2767.00, '27.06.2015', '13.05.2015');
INSERT INTO `store`.`sale_history` (`id`, `sale_id`, `status_id`, `sale_sum`, `active_from`, `active_to`) VALUES (683, 16, 1, 2840.00, '06.06.2015', '28.03.2015');
INSERT INTO `store`.`sale_history` (`id`, `sale_id`, `status_id`, `sale_sum`, `active_from`, `active_to`) VALUES (684, 75, 4, 1109.00, '15.01.2015', '17.03.2015');
INSERT INTO `store`.`sale_history` (`id`, `sale_id`, `status_id`, `sale_sum`, `active_from`, `active_to`) VALUES (685, 63, 6, 9320.00, '01.03.2015', '09.04.2015');
INSERT INTO `store`.`sale_history` (`id`, `sale_id`, `status_id`, `sale_sum`, `active_from`, `active_to`) VALUES (686, 42, 5, 1880.00, '12.06.2015', '22.06.2015');
INSERT INTO `store`.`sale_history` (`id`, `sale_id`, `status_id`, `sale_sum`, `active_from`, `active_to`) VALUES (687, 20, 3, 4065.00, '18.05.2015', '16.06.2015');
INSERT INTO `store`.`sale_history` (`id`, `sale_id`, `status_id`, `sale_sum`, `active_from`, `active_to`) VALUES (688, 64, 2, 6231.00, '04.02.2015', '24.03.2015');
INSERT INTO `store`.`sale_history` (`id`, `sale_id`, `status_id`, `sale_sum`, `active_from`, `active_to`) VALUES (689, 47, 3, 7072.00, '17.04.2015', '05.05.2015');
INSERT INTO `store`.`sale_history` (`id`, `sale_id`, `status_id`, `sale_sum`, `active_from`, `active_to`) VALUES (690, 55, 1, 3311.00, '10.04.2015', '16.06.2015');
INSERT INTO `store`.`sale_history` (`id`, `sale_id`, `status_id`, `sale_sum`, `active_from`, `active_to`) VALUES (691, 29, 7, 9659.00, '04.06.2015', '02.01.2015');
INSERT INTO `store`.`sale_history` (`id`, `sale_id`, `status_id`, `sale_sum`, `active_from`, `active_to`) VALUES (692, 13, 1, 4133.00, '14.03.2015', '08.03.2015');
INSERT INTO `store`.`sale_history` (`id`, `sale_id`, `status_id`, `sale_sum`, `active_from`, `active_to`) VALUES (693, 18, 6, 5772.00, '08.03.2015', '09.02.2015');
INSERT INTO `store`.`sale_history` (`id`, `sale_id`, `status_id`, `sale_sum`, `active_from`, `active_to`) VALUES (694, 16, 1, 4065.00, '20.06.2015', '29.04.2015');
INSERT INTO `store`.`sale_history` (`id`, `sale_id`, `status_id`, `sale_sum`, `active_from`, `active_to`) VALUES (695, 21, 3, 3924.00, '27.04.2015', '16.05.2015');
INSERT INTO `store`.`sale_history` (`id`, `sale_id`, `status_id`, `sale_sum`, `active_from`, `active_to`) VALUES (696, 28, 3, 2267.00, '19.03.2015', '02.05.2015');
INSERT INTO `store`.`sale_history` (`id`, `sale_id`, `status_id`, `sale_sum`, `active_from`, `active_to`) VALUES (697, 100, 6, 3281.00, '16.06.2015', '05.02.2015');
INSERT INTO `store`.`sale_history` (`id`, `sale_id`, `status_id`, `sale_sum`, `active_from`, `active_to`) VALUES (698, 31, 5, 3898.00, '10.03.2015', '07.05.2015');
INSERT INTO `store`.`sale_history` (`id`, `sale_id`, `status_id`, `sale_sum`, `active_from`, `active_to`) VALUES (699, 72, 4, 7193.00, '14.04.2015', '17.04.2015');
INSERT INTO `store`.`sale_history` (`id`, `sale_id`, `status_id`, `sale_sum`, `active_from`, `active_to`) VALUES (700, 56, 7, 2178.00, '25.02.2015', '12.05.2015');
INSERT INTO `store`.`sale_history` (`id`, `sale_id`, `status_id`, `sale_sum`, `active_from`, `active_to`) VALUES (701, 96, 5, 8870.00, '10.06.2015', '26.03.2015');
INSERT INTO `store`.`sale_history` (`id`, `sale_id`, `status_id`, `sale_sum`, `active_from`, `active_to`) VALUES (702, 48, 6, 3854.00, '09.03.2015', '13.02.2015');
INSERT INTO `store`.`sale_history` (`id`, `sale_id`, `status_id`, `sale_sum`, `active_from`, `active_to`) VALUES (703, 34, 4, 3812.00, '06.04.2015', '10.06.2015');
INSERT INTO `store`.`sale_history` (`id`, `sale_id`, `status_id`, `sale_sum`, `active_from`, `active_to`) VALUES (704, 45, 2, 5427.00, '04.01.2015', '15.01.2015');
INSERT INTO `store`.`sale_history` (`id`, `sale_id`, `status_id`, `sale_sum`, `active_from`, `active_to`) VALUES (705, 35, 4, 4596.00, '09.03.2015', '09.01.2015');
INSERT INTO `store`.`sale_history` (`id`, `sale_id`, `status_id`, `sale_sum`, `active_from`, `active_to`) VALUES (706, 34, 6, 2107.00, '23.05.2015', '02.04.2015');
INSERT INTO `store`.`sale_history` (`id`, `sale_id`, `status_id`, `sale_sum`, `active_from`, `active_to`) VALUES (707, 1, 1, 1313.00, '28.02.2015', '18.05.2015');
INSERT INTO `store`.`sale_history` (`id`, `sale_id`, `status_id`, `sale_sum`, `active_from`, `active_to`) VALUES (708, 95, 6, 3902.00, '27.03.2015', '27.06.2015');
INSERT INTO `store`.`sale_history` (`id`, `sale_id`, `status_id`, `sale_sum`, `active_from`, `active_to`) VALUES (709, 14, 7, 1925.00, '21.04.2015', '21.01.2015');
INSERT INTO `store`.`sale_history` (`id`, `sale_id`, `status_id`, `sale_sum`, `active_from`, `active_to`) VALUES (710, 7, 7, 4123.00, '17.04.2015', '03.04.2015');
INSERT INTO `store`.`sale_history` (`id`, `sale_id`, `status_id`, `sale_sum`, `active_from`, `active_to`) VALUES (711, 82, 1, 4549.00, '03.03.2015', '28.04.2015');
INSERT INTO `store`.`sale_history` (`id`, `sale_id`, `status_id`, `sale_sum`, `active_from`, `active_to`) VALUES (712, 61, 5, 1729.00, '24.06.2015', '31.01.2015');
INSERT INTO `store`.`sale_history` (`id`, `sale_id`, `status_id`, `sale_sum`, `active_from`, `active_to`) VALUES (713, 6, 3, 9754.00, '08.01.2015', '07.04.2015');
INSERT INTO `store`.`sale_history` (`id`, `sale_id`, `status_id`, `sale_sum`, `active_from`, `active_to`) VALUES (714, 36, 7, 3778.00, '28.02.2015', '05.01.2015');
INSERT INTO `store`.`sale_history` (`id`, `sale_id`, `status_id`, `sale_sum`, `active_from`, `active_to`) VALUES (715, 68, 1, 3711.00, '28.01.2015', '02.06.2015');
INSERT INTO `store`.`sale_history` (`id`, `sale_id`, `status_id`, `sale_sum`, `active_from`, `active_to`) VALUES (716, 34, 4, 5275.00, '31.05.2015', '04.02.2015');
INSERT INTO `store`.`sale_history` (`id`, `sale_id`, `status_id`, `sale_sum`, `active_from`, `active_to`) VALUES (717, 4, 2, 1805.00, '11.03.2015', '19.04.2015');
INSERT INTO `store`.`sale_history` (`id`, `sale_id`, `status_id`, `sale_sum`, `active_from`, `active_to`) VALUES (718, 45, 4, 6958.00, '28.06.2015', '30.05.2015');
INSERT INTO `store`.`sale_history` (`id`, `sale_id`, `status_id`, `sale_sum`, `active_from`, `active_to`) VALUES (719, 10, 5, 1459.00, '31.01.2015', '23.03.2015');
INSERT INTO `store`.`sale_history` (`id`, `sale_id`, `status_id`, `sale_sum`, `active_from`, `active_to`) VALUES (720, 59, 5, 2359.00, '12.04.2015', '18.01.2015');
INSERT INTO `store`.`sale_history` (`id`, `sale_id`, `status_id`, `sale_sum`, `active_from`, `active_to`) VALUES (721, 68, 6, 4895.00, '30.06.2015', '09.03.2015');
INSERT INTO `store`.`sale_history` (`id`, `sale_id`, `status_id`, `sale_sum`, `active_from`, `active_to`) VALUES (722, 28, 1, 9688.00, '31.05.2015', '18.04.2015');
INSERT INTO `store`.`sale_history` (`id`, `sale_id`, `status_id`, `sale_sum`, `active_from`, `active_to`) VALUES (723, 38, 1, 9901.00, '12.01.2015', '21.04.2015');
INSERT INTO `store`.`sale_history` (`id`, `sale_id`, `status_id`, `sale_sum`, `active_from`, `active_to`) VALUES (724, 59, 4, 7948.00, '03.04.2015', '27.01.2015');
INSERT INTO `store`.`sale_history` (`id`, `sale_id`, `status_id`, `sale_sum`, `active_from`, `active_to`) VALUES (725, 48, 6, 8988.00, '23.03.2015', '22.05.2015');
INSERT INTO `store`.`sale_history` (`id`, `sale_id`, `status_id`, `sale_sum`, `active_from`, `active_to`) VALUES (726, 15, 2, 2660.00, '17.04.2015', '05.03.2015');
INSERT INTO `store`.`sale_history` (`id`, `sale_id`, `status_id`, `sale_sum`, `active_from`, `active_to`) VALUES (727, 30, 1, 6035.00, '11.03.2015', '02.03.2015');
INSERT INTO `store`.`sale_history` (`id`, `sale_id`, `status_id`, `sale_sum`, `active_from`, `active_to`) VALUES (728, 10, 7, 8271.00, '08.03.2015', '01.03.2015');
INSERT INTO `store`.`sale_history` (`id`, `sale_id`, `status_id`, `sale_sum`, `active_from`, `active_to`) VALUES (729, 40, 6, 2873.00, '02.02.2015', '11.06.2015');
INSERT INTO `store`.`sale_history` (`id`, `sale_id`, `status_id`, `sale_sum`, `active_from`, `active_to`) VALUES (730, 90, 5, 3008.00, '12.04.2015', '30.01.2015');
INSERT INTO `store`.`sale_history` (`id`, `sale_id`, `status_id`, `sale_sum`, `active_from`, `active_to`) VALUES (731, 67, 3, 6169.00, '04.02.2015', '13.03.2015');
INSERT INTO `store`.`sale_history` (`id`, `sale_id`, `status_id`, `sale_sum`, `active_from`, `active_to`) VALUES (732, 50, 1, 8502.00, '30.06.2015', '17.03.2015');
INSERT INTO `store`.`sale_history` (`id`, `sale_id`, `status_id`, `sale_sum`, `active_from`, `active_to`) VALUES (733, 59, 7, 3586.00, '06.04.2015', '05.02.2015');
INSERT INTO `store`.`sale_history` (`id`, `sale_id`, `status_id`, `sale_sum`, `active_from`, `active_to`) VALUES (734, 60, 3, 1249.00, '09.03.2015', '06.02.2015');
INSERT INTO `store`.`sale_history` (`id`, `sale_id`, `status_id`, `sale_sum`, `active_from`, `active_to`) VALUES (735, 52, 4, 7791.00, '22.03.2015', '28.03.2015');
INSERT INTO `store`.`sale_history` (`id`, `sale_id`, `status_id`, `sale_sum`, `active_from`, `active_to`) VALUES (736, 66, 2, 2909.00, '07.04.2015', '04.03.2015');
INSERT INTO `store`.`sale_history` (`id`, `sale_id`, `status_id`, `sale_sum`, `active_from`, `active_to`) VALUES (737, 92, 5, 5055.00, '29.04.2015', '06.01.2015');
INSERT INTO `store`.`sale_history` (`id`, `sale_id`, `status_id`, `sale_sum`, `active_from`, `active_to`) VALUES (738, 83, 6, 7047.00, '28.04.2015', '13.05.2015');
INSERT INTO `store`.`sale_history` (`id`, `sale_id`, `status_id`, `sale_sum`, `active_from`, `active_to`) VALUES (739, 61, 5, 2644.00, '01.04.2015', '29.01.2015');
INSERT INTO `store`.`sale_history` (`id`, `sale_id`, `status_id`, `sale_sum`, `active_from`, `active_to`) VALUES (740, 45, 6, 6485.00, '16.06.2015', '24.02.2015');
INSERT INTO `store`.`sale_history` (`id`, `sale_id`, `status_id`, `sale_sum`, `active_from`, `active_to`) VALUES (741, 25, 2, 8734.00, '25.01.2015', '31.05.2015');
INSERT INTO `store`.`sale_history` (`id`, `sale_id`, `status_id`, `sale_sum`, `active_from`, `active_to`) VALUES (742, 47, 6, 3760.00, '28.04.2015', '24.04.2015');
INSERT INTO `store`.`sale_history` (`id`, `sale_id`, `status_id`, `sale_sum`, `active_from`, `active_to`) VALUES (743, 55, 1, 7262.00, '27.05.2015', '23.06.2015');
INSERT INTO `store`.`sale_history` (`id`, `sale_id`, `status_id`, `sale_sum`, `active_from`, `active_to`) VALUES (744, 38, 1, 3711.00, '05.06.2015', '27.01.2015');
INSERT INTO `store`.`sale_history` (`id`, `sale_id`, `status_id`, `sale_sum`, `active_from`, `active_to`) VALUES (745, 45, 2, 8229.00, '18.06.2015', '18.04.2015');
INSERT INTO `store`.`sale_history` (`id`, `sale_id`, `status_id`, `sale_sum`, `active_from`, `active_to`) VALUES (746, 66, 1, 3022.00, '19.05.2015', '24.04.2015');
INSERT INTO `store`.`sale_history` (`id`, `sale_id`, `status_id`, `sale_sum`, `active_from`, `active_to`) VALUES (747, 88, 7, 9355.00, '21.05.2015', '01.01.2015');
INSERT INTO `store`.`sale_history` (`id`, `sale_id`, `status_id`, `sale_sum`, `active_from`, `active_to`) VALUES (748, 41, 1, 2356.00, '08.06.2015', '07.04.2015');
INSERT INTO `store`.`sale_history` (`id`, `sale_id`, `status_id`, `sale_sum`, `active_from`, `active_to`) VALUES (749, 42, 1, 9107.00, '27.03.2015', '02.06.2015');
INSERT INTO `store`.`sale_history` (`id`, `sale_id`, `status_id`, `sale_sum`, `active_from`, `active_to`) VALUES (750, 39, 7, 2078.00, '27.02.2015', '13.01.2015');
INSERT INTO `store`.`sale_history` (`id`, `sale_id`, `status_id`, `sale_sum`, `active_from`, `active_to`) VALUES (751, 89, 3, 2410.00, '29.04.2015', '13.03.2015');
INSERT INTO `store`.`sale_history` (`id`, `sale_id`, `status_id`, `sale_sum`, `active_from`, `active_to`) VALUES (752, 42, 5, 2841.00, '21.01.2015', '05.05.2015');
INSERT INTO `store`.`sale_history` (`id`, `sale_id`, `status_id`, `sale_sum`, `active_from`, `active_to`) VALUES (753, 35, 5, 7631.00, '01.04.2015', '17.05.2015');
INSERT INTO `store`.`sale_history` (`id`, `sale_id`, `status_id`, `sale_sum`, `active_from`, `active_to`) VALUES (754, 80, 7, 7810.00, '28.01.2015', '01.02.2015');
INSERT INTO `store`.`sale_history` (`id`, `sale_id`, `status_id`, `sale_sum`, `active_from`, `active_to`) VALUES (755, 74, 2, 2345.00, '25.05.2015', '04.06.2015');
INSERT INTO `store`.`sale_history` (`id`, `sale_id`, `status_id`, `sale_sum`, `active_from`, `active_to`) VALUES (756, 52, 1, 3386.00, '11.03.2015', '11.06.2015');
INSERT INTO `store`.`sale_history` (`id`, `sale_id`, `status_id`, `sale_sum`, `active_from`, `active_to`) VALUES (757, 45, 2, 1498.00, '09.03.2015', '30.01.2015');
INSERT INTO `store`.`sale_history` (`id`, `sale_id`, `status_id`, `sale_sum`, `active_from`, `active_to`) VALUES (758, 84, 2, 3536.00, '28.01.2015', '17.04.2015');
INSERT INTO `store`.`sale_history` (`id`, `sale_id`, `status_id`, `sale_sum`, `active_from`, `active_to`) VALUES (759, 17, 1, 5247.00, '04.04.2015', '11.04.2015');
INSERT INTO `store`.`sale_history` (`id`, `sale_id`, `status_id`, `sale_sum`, `active_from`, `active_to`) VALUES (760, 29, 5, 2193.00, '25.06.2015', '09.02.2015');
INSERT INTO `store`.`sale_history` (`id`, `sale_id`, `status_id`, `sale_sum`, `active_from`, `active_to`) VALUES (761, 74, 1, 2015.00, '15.04.2015', '29.06.2015');
INSERT INTO `store`.`sale_history` (`id`, `sale_id`, `status_id`, `sale_sum`, `active_from`, `active_to`) VALUES (762, 50, 4, 1757.00, '04.04.2015', '24.03.2015');
INSERT INTO `store`.`sale_history` (`id`, `sale_id`, `status_id`, `sale_sum`, `active_from`, `active_to`) VALUES (763, 7, 6, 8664.00, '23.01.2015', '17.03.2015');
INSERT INTO `store`.`sale_history` (`id`, `sale_id`, `status_id`, `sale_sum`, `active_from`, `active_to`) VALUES (764, 77, 7, 8621.00, '13.06.2015', '18.03.2015');
INSERT INTO `store`.`sale_history` (`id`, `sale_id`, `status_id`, `sale_sum`, `active_from`, `active_to`) VALUES (765, 48, 2, 7744.00, '19.05.2015', '09.02.2015');
INSERT INTO `store`.`sale_history` (`id`, `sale_id`, `status_id`, `sale_sum`, `active_from`, `active_to`) VALUES (766, 57, 4, 7054.00, '01.02.2015', '05.03.2015');
INSERT INTO `store`.`sale_history` (`id`, `sale_id`, `status_id`, `sale_sum`, `active_from`, `active_to`) VALUES (767, 36, 3, 2892.00, '28.05.2015', '08.04.2015');
INSERT INTO `store`.`sale_history` (`id`, `sale_id`, `status_id`, `sale_sum`, `active_from`, `active_to`) VALUES (768, 98, 7, 2232.00, '10.01.2015', '16.01.2015');
INSERT INTO `store`.`sale_history` (`id`, `sale_id`, `status_id`, `sale_sum`, `active_from`, `active_to`) VALUES (769, 23, 7, 6839.00, '14.06.2015', '16.03.2015');
INSERT INTO `store`.`sale_history` (`id`, `sale_id`, `status_id`, `sale_sum`, `active_from`, `active_to`) VALUES (770, 23, 5, 6210.00, '02.03.2015', '20.01.2015');
INSERT INTO `store`.`sale_history` (`id`, `sale_id`, `status_id`, `sale_sum`, `active_from`, `active_to`) VALUES (771, 99, 1, 1666.00, '17.01.2015', '01.06.2015');
INSERT INTO `store`.`sale_history` (`id`, `sale_id`, `status_id`, `sale_sum`, `active_from`, `active_to`) VALUES (772, 39, 2, 7332.00, '25.06.2015', '22.06.2015');
INSERT INTO `store`.`sale_history` (`id`, `sale_id`, `status_id`, `sale_sum`, `active_from`, `active_to`) VALUES (773, 34, 5, 3590.00, '04.01.2015', '03.01.2015');
INSERT INTO `store`.`sale_history` (`id`, `sale_id`, `status_id`, `sale_sum`, `active_from`, `active_to`) VALUES (774, 92, 4, 3447.00, '17.05.2015', '31.01.2015');
INSERT INTO `store`.`sale_history` (`id`, `sale_id`, `status_id`, `sale_sum`, `active_from`, `active_to`) VALUES (775, 72, 5, 1670.00, '11.05.2015', '22.05.2015');
INSERT INTO `store`.`sale_history` (`id`, `sale_id`, `status_id`, `sale_sum`, `active_from`, `active_to`) VALUES (776, 23, 7, 3905.00, '20.06.2015', '12.06.2015');
INSERT INTO `store`.`sale_history` (`id`, `sale_id`, `status_id`, `sale_sum`, `active_from`, `active_to`) VALUES (777, 66, 6, 5472.00, '18.01.2015', '08.01.2015');
INSERT INTO `store`.`sale_history` (`id`, `sale_id`, `status_id`, `sale_sum`, `active_from`, `active_to`) VALUES (778, 100, 1, 7731.00, '16.05.2015', '15.04.2015');
INSERT INTO `store`.`sale_history` (`id`, `sale_id`, `status_id`, `sale_sum`, `active_from`, `active_to`) VALUES (779, 87, 6, 7892.00, '26.05.2015', '06.04.2015');
INSERT INTO `store`.`sale_history` (`id`, `sale_id`, `status_id`, `sale_sum`, `active_from`, `active_to`) VALUES (780, 49, 4, 3299.00, '19.02.2015', '11.03.2015');
INSERT INTO `store`.`sale_history` (`id`, `sale_id`, `status_id`, `sale_sum`, `active_from`, `active_to`) VALUES (781, 39, 3, 3133.00, '21.06.2015', '24.06.2015');
INSERT INTO `store`.`sale_history` (`id`, `sale_id`, `status_id`, `sale_sum`, `active_from`, `active_to`) VALUES (782, 17, 2, 6831.00, '30.05.2015', '29.04.2015');
INSERT INTO `store`.`sale_history` (`id`, `sale_id`, `status_id`, `sale_sum`, `active_from`, `active_to`) VALUES (783, 86, 6, 1201.00, '30.06.2015', '29.06.2015');
INSERT INTO `store`.`sale_history` (`id`, `sale_id`, `status_id`, `sale_sum`, `active_from`, `active_to`) VALUES (784, 84, 1, 5558.00, '12.06.2015', '13.04.2015');
INSERT INTO `store`.`sale_history` (`id`, `sale_id`, `status_id`, `sale_sum`, `active_from`, `active_to`) VALUES (785, 31, 7, 8943.00, '17.04.2015', '13.02.2015');
INSERT INTO `store`.`sale_history` (`id`, `sale_id`, `status_id`, `sale_sum`, `active_from`, `active_to`) VALUES (786, 46, 3, 6899.00, '31.05.2015', '05.04.2015');
INSERT INTO `store`.`sale_history` (`id`, `sale_id`, `status_id`, `sale_sum`, `active_from`, `active_to`) VALUES (787, 93, 1, 1892.00, '13.01.2015', '25.01.2015');
INSERT INTO `store`.`sale_history` (`id`, `sale_id`, `status_id`, `sale_sum`, `active_from`, `active_to`) VALUES (788, 61, 2, 7017.00, '31.05.2015', '17.06.2015');
INSERT INTO `store`.`sale_history` (`id`, `sale_id`, `status_id`, `sale_sum`, `active_from`, `active_to`) VALUES (789, 40, 6, 1275.00, '20.03.2015', '22.05.2015');
INSERT INTO `store`.`sale_history` (`id`, `sale_id`, `status_id`, `sale_sum`, `active_from`, `active_to`) VALUES (790, 55, 1, 3184.00, '10.06.2015', '09.05.2015');
INSERT INTO `store`.`sale_history` (`id`, `sale_id`, `status_id`, `sale_sum`, `active_from`, `active_to`) VALUES (791, 8, 5, 1678.00, '30.06.2015', '27.06.2015');
INSERT INTO `store`.`sale_history` (`id`, `sale_id`, `status_id`, `sale_sum`, `active_from`, `active_to`) VALUES (792, 36, 7, 8662.00, '18.01.2015', '01.06.2015');
INSERT INTO `store`.`sale_history` (`id`, `sale_id`, `status_id`, `sale_sum`, `active_from`, `active_to`) VALUES (793, 26, 2, 6860.00, '28.06.2015', '20.03.2015');
INSERT INTO `store`.`sale_history` (`id`, `sale_id`, `status_id`, `sale_sum`, `active_from`, `active_to`) VALUES (794, 92, 6, 5775.00, '01.06.2015', '03.02.2015');
INSERT INTO `store`.`sale_history` (`id`, `sale_id`, `status_id`, `sale_sum`, `active_from`, `active_to`) VALUES (795, 78, 4, 2919.00, '29.01.2015', '09.03.2015');
INSERT INTO `store`.`sale_history` (`id`, `sale_id`, `status_id`, `sale_sum`, `active_from`, `active_to`) VALUES (796, 75, 1, 2931.00, '05.05.2015', '09.04.2015');
INSERT INTO `store`.`sale_history` (`id`, `sale_id`, `status_id`, `sale_sum`, `active_from`, `active_to`) VALUES (797, 85, 6, 6754.00, '12.01.2015', '21.05.2015');
INSERT INTO `store`.`sale_history` (`id`, `sale_id`, `status_id`, `sale_sum`, `active_from`, `active_to`) VALUES (798, 67, 7, 2943.00, '02.01.2015', '15.06.2015');
INSERT INTO `store`.`sale_history` (`id`, `sale_id`, `status_id`, `sale_sum`, `active_from`, `active_to`) VALUES (799, 58, 1, 3006.00, '30.01.2015', '28.06.2015');
INSERT INTO `store`.`sale_history` (`id`, `sale_id`, `status_id`, `sale_sum`, `active_from`, `active_to`) VALUES (800, 4, 1, 5446.00, '12.04.2015', '13.02.2015');
INSERT INTO `store`.`sale_history` (`id`, `sale_id`, `status_id`, `sale_sum`, `active_from`, `active_to`) VALUES (801, 43, 7, 5352.00, '24.01.2015', '13.04.2015');
INSERT INTO `store`.`sale_history` (`id`, `sale_id`, `status_id`, `sale_sum`, `active_from`, `active_to`) VALUES (802, 29, 5, 6856.00, '26.04.2015', '04.01.2015');
INSERT INTO `store`.`sale_history` (`id`, `sale_id`, `status_id`, `sale_sum`, `active_from`, `active_to`) VALUES (803, 84, 2, 7425.00, '11.05.2015', '26.05.2015');
INSERT INTO `store`.`sale_history` (`id`, `sale_id`, `status_id`, `sale_sum`, `active_from`, `active_to`) VALUES (804, 41, 6, 2749.00, '20.03.2015', '22.02.2015');
INSERT INTO `store`.`sale_history` (`id`, `sale_id`, `status_id`, `sale_sum`, `active_from`, `active_to`) VALUES (805, 61, 4, 5499.00, '09.05.2015', '17.01.2015');
INSERT INTO `store`.`sale_history` (`id`, `sale_id`, `status_id`, `sale_sum`, `active_from`, `active_to`) VALUES (806, 57, 7, 1381.00, '03.04.2015', '18.04.2015');
INSERT INTO `store`.`sale_history` (`id`, `sale_id`, `status_id`, `sale_sum`, `active_from`, `active_to`) VALUES (807, 92, 2, 5393.00, '03.05.2015', '11.01.2015');
INSERT INTO `store`.`sale_history` (`id`, `sale_id`, `status_id`, `sale_sum`, `active_from`, `active_to`) VALUES (808, 79, 6, 1848.00, '02.01.2015', '09.04.2015');
INSERT INTO `store`.`sale_history` (`id`, `sale_id`, `status_id`, `sale_sum`, `active_from`, `active_to`) VALUES (809, 80, 2, 7853.00, '15.06.2015', '22.02.2015');
INSERT INTO `store`.`sale_history` (`id`, `sale_id`, `status_id`, `sale_sum`, `active_from`, `active_to`) VALUES (810, 58, 4, 6886.00, '09.04.2015', '05.03.2015');
INSERT INTO `store`.`sale_history` (`id`, `sale_id`, `status_id`, `sale_sum`, `active_from`, `active_to`) VALUES (811, 66, 1, 4815.00, '20.06.2015', '28.01.2015');
INSERT INTO `store`.`sale_history` (`id`, `sale_id`, `status_id`, `sale_sum`, `active_from`, `active_to`) VALUES (812, 65, 2, 9490.00, '24.03.2015', '14.01.2015');
INSERT INTO `store`.`sale_history` (`id`, `sale_id`, `status_id`, `sale_sum`, `active_from`, `active_to`) VALUES (813, 5, 4, 3119.00, '04.05.2015', '22.06.2015');
INSERT INTO `store`.`sale_history` (`id`, `sale_id`, `status_id`, `sale_sum`, `active_from`, `active_to`) VALUES (814, 83, 3, 9433.00, '21.02.2015', '10.01.2015');
INSERT INTO `store`.`sale_history` (`id`, `sale_id`, `status_id`, `sale_sum`, `active_from`, `active_to`) VALUES (815, 20, 3, 9801.00, '15.04.2015', '05.06.2015');
INSERT INTO `store`.`sale_history` (`id`, `sale_id`, `status_id`, `sale_sum`, `active_from`, `active_to`) VALUES (816, 86, 7, 7383.00, '14.01.2015', '02.05.2015');
INSERT INTO `store`.`sale_history` (`id`, `sale_id`, `status_id`, `sale_sum`, `active_from`, `active_to`) VALUES (817, 73, 4, 8378.00, '07.06.2015', '04.02.2015');
INSERT INTO `store`.`sale_history` (`id`, `sale_id`, `status_id`, `sale_sum`, `active_from`, `active_to`) VALUES (818, 22, 4, 9488.00, '11.06.2015', '20.04.2015');
INSERT INTO `store`.`sale_history` (`id`, `sale_id`, `status_id`, `sale_sum`, `active_from`, `active_to`) VALUES (819, 40, 1, 2981.00, '14.06.2015', '10.02.2015');
INSERT INTO `store`.`sale_history` (`id`, `sale_id`, `status_id`, `sale_sum`, `active_from`, `active_to`) VALUES (820, 12, 1, 6554.00, '04.06.2015', '17.03.2015');
INSERT INTO `store`.`sale_history` (`id`, `sale_id`, `status_id`, `sale_sum`, `active_from`, `active_to`) VALUES (821, 95, 6, 8407.00, '20.06.2015', '13.01.2015');
INSERT INTO `store`.`sale_history` (`id`, `sale_id`, `status_id`, `sale_sum`, `active_from`, `active_to`) VALUES (822, 12, 6, 1903.00, '17.05.2015', '07.05.2015');
INSERT INTO `store`.`sale_history` (`id`, `sale_id`, `status_id`, `sale_sum`, `active_from`, `active_to`) VALUES (823, 22, 3, 7021.00, '06.04.2015', '02.03.2015');
INSERT INTO `store`.`sale_history` (`id`, `sale_id`, `status_id`, `sale_sum`, `active_from`, `active_to`) VALUES (824, 28, 5, 1778.00, '25.02.2015', '18.03.2015');
INSERT INTO `store`.`sale_history` (`id`, `sale_id`, `status_id`, `sale_sum`, `active_from`, `active_to`) VALUES (825, 65, 1, 7336.00, '04.04.2015', '20.01.2015');
INSERT INTO `store`.`sale_history` (`id`, `sale_id`, `status_id`, `sale_sum`, `active_from`, `active_to`) VALUES (826, 26, 1, 2620.00, '26.06.2015', '11.01.2015');
INSERT INTO `store`.`sale_history` (`id`, `sale_id`, `status_id`, `sale_sum`, `active_from`, `active_to`) VALUES (827, 69, 3, 8460.00, '01.06.2015', '11.03.2015');
INSERT INTO `store`.`sale_history` (`id`, `sale_id`, `status_id`, `sale_sum`, `active_from`, `active_to`) VALUES (828, 97, 4, 5996.00, '08.02.2015', '04.04.2015');
INSERT INTO `store`.`sale_history` (`id`, `sale_id`, `status_id`, `sale_sum`, `active_from`, `active_to`) VALUES (829, 70, 5, 7273.00, '28.01.2015', '17.05.2015');
INSERT INTO `store`.`sale_history` (`id`, `sale_id`, `status_id`, `sale_sum`, `active_from`, `active_to`) VALUES (830, 38, 2, 1821.00, '26.04.2015', '07.03.2015');
INSERT INTO `store`.`sale_history` (`id`, `sale_id`, `status_id`, `sale_sum`, `active_from`, `active_to`) VALUES (831, 87, 3, 1435.00, '20.04.2015', '02.03.2015');
INSERT INTO `store`.`sale_history` (`id`, `sale_id`, `status_id`, `sale_sum`, `active_from`, `active_to`) VALUES (832, 56, 1, 9863.00, '11.01.2015', '31.05.2015');
INSERT INTO `store`.`sale_history` (`id`, `sale_id`, `status_id`, `sale_sum`, `active_from`, `active_to`) VALUES (833, 59, 7, 6125.00, '21.05.2015', '17.04.2015');
INSERT INTO `store`.`sale_history` (`id`, `sale_id`, `status_id`, `sale_sum`, `active_from`, `active_to`) VALUES (834, 59, 4, 7053.00, '21.02.2015', '05.01.2015');
INSERT INTO `store`.`sale_history` (`id`, `sale_id`, `status_id`, `sale_sum`, `active_from`, `active_to`) VALUES (835, 68, 5, 2652.00, '05.02.2015', '01.02.2015');
INSERT INTO `store`.`sale_history` (`id`, `sale_id`, `status_id`, `sale_sum`, `active_from`, `active_to`) VALUES (836, 9, 2, 9086.00, '09.04.2015', '01.01.2015');
INSERT INTO `store`.`sale_history` (`id`, `sale_id`, `status_id`, `sale_sum`, `active_from`, `active_to`) VALUES (837, 8, 3, 8453.00, '01.03.2015', '13.02.2015');
INSERT INTO `store`.`sale_history` (`id`, `sale_id`, `status_id`, `sale_sum`, `active_from`, `active_to`) VALUES (838, 1, 1, 8253.00, '12.06.2015', '16.05.2015');
INSERT INTO `store`.`sale_history` (`id`, `sale_id`, `status_id`, `sale_sum`, `active_from`, `active_to`) VALUES (839, 53, 2, 8796.00, '14.03.2015', '29.03.2015');
INSERT INTO `store`.`sale_history` (`id`, `sale_id`, `status_id`, `sale_sum`, `active_from`, `active_to`) VALUES (840, 2, 4, 7805.00, '30.04.2015', '02.05.2015');
INSERT INTO `store`.`sale_history` (`id`, `sale_id`, `status_id`, `sale_sum`, `active_from`, `active_to`) VALUES (841, 89, 7, 9918.00, '30.06.2015', '08.02.2015');
INSERT INTO `store`.`sale_history` (`id`, `sale_id`, `status_id`, `sale_sum`, `active_from`, `active_to`) VALUES (842, 13, 6, 7387.00, '25.03.2015', '14.06.2015');
INSERT INTO `store`.`sale_history` (`id`, `sale_id`, `status_id`, `sale_sum`, `active_from`, `active_to`) VALUES (843, 15, 1, 8469.00, '24.05.2015', '15.02.2015');
INSERT INTO `store`.`sale_history` (`id`, `sale_id`, `status_id`, `sale_sum`, `active_from`, `active_to`) VALUES (844, 64, 6, 8310.00, '02.06.2015', '19.01.2015');
INSERT INTO `store`.`sale_history` (`id`, `sale_id`, `status_id`, `sale_sum`, `active_from`, `active_to`) VALUES (845, 43, 1, 3392.00, '21.05.2015', '04.02.2015');
INSERT INTO `store`.`sale_history` (`id`, `sale_id`, `status_id`, `sale_sum`, `active_from`, `active_to`) VALUES (846, 69, 1, 9731.00, '28.05.2015', '25.02.2015');
INSERT INTO `store`.`sale_history` (`id`, `sale_id`, `status_id`, `sale_sum`, `active_from`, `active_to`) VALUES (847, 95, 6, 4205.00, '17.01.2015', '01.02.2015');
INSERT INTO `store`.`sale_history` (`id`, `sale_id`, `status_id`, `sale_sum`, `active_from`, `active_to`) VALUES (848, 7, 3, 6135.00, '21.02.2015', '31.03.2015');
INSERT INTO `store`.`sale_history` (`id`, `sale_id`, `status_id`, `sale_sum`, `active_from`, `active_to`) VALUES (849, 55, 1, 6952.00, '01.05.2015', '12.01.2015');
INSERT INTO `store`.`sale_history` (`id`, `sale_id`, `status_id`, `sale_sum`, `active_from`, `active_to`) VALUES (850, 69, 5, 6089.00, '22.02.2015', '07.02.2015');
INSERT INTO `store`.`sale_history` (`id`, `sale_id`, `status_id`, `sale_sum`, `active_from`, `active_to`) VALUES (851, 13, 5, 4408.00, '31.01.2015', '01.04.2015');
INSERT INTO `store`.`sale_history` (`id`, `sale_id`, `status_id`, `sale_sum`, `active_from`, `active_to`) VALUES (852, 34, 4, 4882.00, '02.06.2015', '18.06.2015');
INSERT INTO `store`.`sale_history` (`id`, `sale_id`, `status_id`, `sale_sum`, `active_from`, `active_to`) VALUES (853, 96, 4, 1202.00, '16.06.2015', '13.05.2015');
INSERT INTO `store`.`sale_history` (`id`, `sale_id`, `status_id`, `sale_sum`, `active_from`, `active_to`) VALUES (854, 85, 5, 7863.00, '01.01.2015', '21.06.2015');
INSERT INTO `store`.`sale_history` (`id`, `sale_id`, `status_id`, `sale_sum`, `active_from`, `active_to`) VALUES (855, 16, 4, 2899.00, '31.03.2015', '20.02.2015');
INSERT INTO `store`.`sale_history` (`id`, `sale_id`, `status_id`, `sale_sum`, `active_from`, `active_to`) VALUES (856, 33, 2, 3127.00, '14.02.2015', '02.04.2015');
INSERT INTO `store`.`sale_history` (`id`, `sale_id`, `status_id`, `sale_sum`, `active_from`, `active_to`) VALUES (857, 76, 6, 4898.00, '28.06.2015', '17.05.2015');
INSERT INTO `store`.`sale_history` (`id`, `sale_id`, `status_id`, `sale_sum`, `active_from`, `active_to`) VALUES (858, 25, 4, 6088.00, '22.04.2015', '17.02.2015');
INSERT INTO `store`.`sale_history` (`id`, `sale_id`, `status_id`, `sale_sum`, `active_from`, `active_to`) VALUES (859, 86, 1, 7440.00, '06.01.2015', '02.03.2015');
INSERT INTO `store`.`sale_history` (`id`, `sale_id`, `status_id`, `sale_sum`, `active_from`, `active_to`) VALUES (860, 76, 1, 6071.00, '14.01.2015', '12.04.2015');
INSERT INTO `store`.`sale_history` (`id`, `sale_id`, `status_id`, `sale_sum`, `active_from`, `active_to`) VALUES (861, 39, 3, 6643.00, '19.01.2015', '02.04.2015');
INSERT INTO `store`.`sale_history` (`id`, `sale_id`, `status_id`, `sale_sum`, `active_from`, `active_to`) VALUES (862, 24, 4, 4213.00, '06.04.2015', '23.03.2015');
INSERT INTO `store`.`sale_history` (`id`, `sale_id`, `status_id`, `sale_sum`, `active_from`, `active_to`) VALUES (863, 73, 3, 8179.00, '05.05.2015', '05.03.2015');
INSERT INTO `store`.`sale_history` (`id`, `sale_id`, `status_id`, `sale_sum`, `active_from`, `active_to`) VALUES (864, 95, 2, 9528.00, '06.02.2015', '12.03.2015');
INSERT INTO `store`.`sale_history` (`id`, `sale_id`, `status_id`, `sale_sum`, `active_from`, `active_to`) VALUES (865, 20, 1, 2602.00, '11.05.2015', '28.06.2015');
INSERT INTO `store`.`sale_history` (`id`, `sale_id`, `status_id`, `sale_sum`, `active_from`, `active_to`) VALUES (866, 63, 4, 9114.00, '07.06.2015', '15.02.2015');
INSERT INTO `store`.`sale_history` (`id`, `sale_id`, `status_id`, `sale_sum`, `active_from`, `active_to`) VALUES (867, 81, 2, 7818.00, '27.06.2015', '11.05.2015');
INSERT INTO `store`.`sale_history` (`id`, `sale_id`, `status_id`, `sale_sum`, `active_from`, `active_to`) VALUES (868, 11, 3, 5634.00, '15.01.2015', '03.02.2015');
INSERT INTO `store`.`sale_history` (`id`, `sale_id`, `status_id`, `sale_sum`, `active_from`, `active_to`) VALUES (869, 58, 5, 6058.00, '01.01.2015', '08.03.2015');
INSERT INTO `store`.`sale_history` (`id`, `sale_id`, `status_id`, `sale_sum`, `active_from`, `active_to`) VALUES (870, 89, 2, 8453.00, '17.05.2015', '25.03.2015');
INSERT INTO `store`.`sale_history` (`id`, `sale_id`, `status_id`, `sale_sum`, `active_from`, `active_to`) VALUES (871, 66, 6, 5932.00, '21.05.2015', '25.05.2015');
INSERT INTO `store`.`sale_history` (`id`, `sale_id`, `status_id`, `sale_sum`, `active_from`, `active_to`) VALUES (872, 50, 1, 2565.00, '11.03.2015', '24.01.2015');
INSERT INTO `store`.`sale_history` (`id`, `sale_id`, `status_id`, `sale_sum`, `active_from`, `active_to`) VALUES (873, 87, 7, 3828.00, '02.02.2015', '08.06.2015');
INSERT INTO `store`.`sale_history` (`id`, `sale_id`, `status_id`, `sale_sum`, `active_from`, `active_to`) VALUES (874, 96, 6, 6213.00, '19.06.2015', '29.01.2015');
INSERT INTO `store`.`sale_history` (`id`, `sale_id`, `status_id`, `sale_sum`, `active_from`, `active_to`) VALUES (875, 29, 1, 3192.00, '19.04.2015', '17.06.2015');
INSERT INTO `store`.`sale_history` (`id`, `sale_id`, `status_id`, `sale_sum`, `active_from`, `active_to`) VALUES (876, 81, 6, 2106.00, '02.02.2015', '06.05.2015');
INSERT INTO `store`.`sale_history` (`id`, `sale_id`, `status_id`, `sale_sum`, `active_from`, `active_to`) VALUES (877, 57, 2, 3931.00, '14.02.2015', '24.05.2015');
INSERT INTO `store`.`sale_history` (`id`, `sale_id`, `status_id`, `sale_sum`, `active_from`, `active_to`) VALUES (878, 20, 2, 4545.00, '26.01.2015', '01.02.2015');
INSERT INTO `store`.`sale_history` (`id`, `sale_id`, `status_id`, `sale_sum`, `active_from`, `active_to`) VALUES (879, 76, 6, 4247.00, '24.06.2015', '25.04.2015');
INSERT INTO `store`.`sale_history` (`id`, `sale_id`, `status_id`, `sale_sum`, `active_from`, `active_to`) VALUES (880, 29, 6, 9362.00, '02.04.2015', '12.02.2015');
INSERT INTO `store`.`sale_history` (`id`, `sale_id`, `status_id`, `sale_sum`, `active_from`, `active_to`) VALUES (881, 24, 6, 3218.00, '01.05.2015', '03.04.2015');
INSERT INTO `store`.`sale_history` (`id`, `sale_id`, `status_id`, `sale_sum`, `active_from`, `active_to`) VALUES (882, 46, 6, 4565.00, '16.03.2015', '01.01.2015');
INSERT INTO `store`.`sale_history` (`id`, `sale_id`, `status_id`, `sale_sum`, `active_from`, `active_to`) VALUES (883, 78, 1, 4913.00, '19.01.2015', '22.04.2015');
INSERT INTO `store`.`sale_history` (`id`, `sale_id`, `status_id`, `sale_sum`, `active_from`, `active_to`) VALUES (884, 60, 7, 6231.00, '13.03.2015', '29.06.2015');
INSERT INTO `store`.`sale_history` (`id`, `sale_id`, `status_id`, `sale_sum`, `active_from`, `active_to`) VALUES (885, 19, 6, 5651.00, '16.06.2015', '18.05.2015');
INSERT INTO `store`.`sale_history` (`id`, `sale_id`, `status_id`, `sale_sum`, `active_from`, `active_to`) VALUES (886, 28, 6, 5129.00, '17.05.2015', '04.04.2015');
INSERT INTO `store`.`sale_history` (`id`, `sale_id`, `status_id`, `sale_sum`, `active_from`, `active_to`) VALUES (887, 10, 6, 9656.00, '27.06.2015', '04.02.2015');
INSERT INTO `store`.`sale_history` (`id`, `sale_id`, `status_id`, `sale_sum`, `active_from`, `active_to`) VALUES (888, 10, 2, 9678.00, '23.05.2015', '05.03.2015');
INSERT INTO `store`.`sale_history` (`id`, `sale_id`, `status_id`, `sale_sum`, `active_from`, `active_to`) VALUES (889, 25, 4, 6976.00, '23.05.2015', '26.03.2015');
INSERT INTO `store`.`sale_history` (`id`, `sale_id`, `status_id`, `sale_sum`, `active_from`, `active_to`) VALUES (890, 1, 3, 1205.00, '11.05.2015', '15.02.2015');
INSERT INTO `store`.`sale_history` (`id`, `sale_id`, `status_id`, `sale_sum`, `active_from`, `active_to`) VALUES (891, 19, 2, 2741.00, '11.01.2015', '05.06.2015');
INSERT INTO `store`.`sale_history` (`id`, `sale_id`, `status_id`, `sale_sum`, `active_from`, `active_to`) VALUES (892, 59, 4, 2861.00, '04.05.2015', '16.01.2015');
INSERT INTO `store`.`sale_history` (`id`, `sale_id`, `status_id`, `sale_sum`, `active_from`, `active_to`) VALUES (893, 100, 5, 6229.00, '10.01.2015', '31.05.2015');
INSERT INTO `store`.`sale_history` (`id`, `sale_id`, `status_id`, `sale_sum`, `active_from`, `active_to`) VALUES (894, 40, 4, 8788.00, '24.02.2015', '26.05.2015');
INSERT INTO `store`.`sale_history` (`id`, `sale_id`, `status_id`, `sale_sum`, `active_from`, `active_to`) VALUES (895, 88, 7, 2450.00, '27.05.2015', '07.01.2015');
INSERT INTO `store`.`sale_history` (`id`, `sale_id`, `status_id`, `sale_sum`, `active_from`, `active_to`) VALUES (896, 50, 6, 8793.00, '23.03.2015', '28.03.2015');
INSERT INTO `store`.`sale_history` (`id`, `sale_id`, `status_id`, `sale_sum`, `active_from`, `active_to`) VALUES (897, 56, 6, 5519.00, '27.05.2015', '04.05.2015');
INSERT INTO `store`.`sale_history` (`id`, `sale_id`, `status_id`, `sale_sum`, `active_from`, `active_to`) VALUES (898, 45, 5, 8874.00, '14.02.2015', '25.05.2015');
INSERT INTO `store`.`sale_history` (`id`, `sale_id`, `status_id`, `sale_sum`, `active_from`, `active_to`) VALUES (899, 49, 6, 8310.00, '11.04.2015', '03.03.2015');
INSERT INTO `store`.`sale_history` (`id`, `sale_id`, `status_id`, `sale_sum`, `active_from`, `active_to`) VALUES (900, 38, 7, 9479.00, '16.04.2015', '21.02.2015');
INSERT INTO `store`.`sale_history` (`id`, `sale_id`, `status_id`, `sale_sum`, `active_from`, `active_to`) VALUES (901, 68, 7, 9255.00, '31.05.2015', '02.06.2015');
INSERT INTO `store`.`sale_history` (`id`, `sale_id`, `status_id`, `sale_sum`, `active_from`, `active_to`) VALUES (902, 8, 4, 7756.00, '29.01.2015', '03.06.2015');
INSERT INTO `store`.`sale_history` (`id`, `sale_id`, `status_id`, `sale_sum`, `active_from`, `active_to`) VALUES (903, 5, 2, 8582.00, '14.03.2015', '23.02.2015');
INSERT INTO `store`.`sale_history` (`id`, `sale_id`, `status_id`, `sale_sum`, `active_from`, `active_to`) VALUES (904, 52, 2, 8197.00, '22.05.2015', '21.04.2015');
INSERT INTO `store`.`sale_history` (`id`, `sale_id`, `status_id`, `sale_sum`, `active_from`, `active_to`) VALUES (905, 94, 1, 1291.00, '06.04.2015', '04.04.2015');
INSERT INTO `store`.`sale_history` (`id`, `sale_id`, `status_id`, `sale_sum`, `active_from`, `active_to`) VALUES (906, 59, 1, 4928.00, '21.03.2015', '13.06.2015');
INSERT INTO `store`.`sale_history` (`id`, `sale_id`, `status_id`, `sale_sum`, `active_from`, `active_to`) VALUES (907, 52, 3, 4424.00, '28.03.2015', '29.05.2015');
INSERT INTO `store`.`sale_history` (`id`, `sale_id`, `status_id`, `sale_sum`, `active_from`, `active_to`) VALUES (908, 32, 1, 6439.00, '09.03.2015', '28.01.2015');
INSERT INTO `store`.`sale_history` (`id`, `sale_id`, `status_id`, `sale_sum`, `active_from`, `active_to`) VALUES (909, 45, 5, 5769.00, '01.03.2015', '19.02.2015');
INSERT INTO `store`.`sale_history` (`id`, `sale_id`, `status_id`, `sale_sum`, `active_from`, `active_to`) VALUES (910, 48, 1, 3120.00, '05.02.2015', '16.02.2015');
INSERT INTO `store`.`sale_history` (`id`, `sale_id`, `status_id`, `sale_sum`, `active_from`, `active_to`) VALUES (911, 38, 2, 5708.00, '23.01.2015', '22.04.2015');
INSERT INTO `store`.`sale_history` (`id`, `sale_id`, `status_id`, `sale_sum`, `active_from`, `active_to`) VALUES (912, 10, 7, 6474.00, '09.05.2015', '19.02.2015');
INSERT INTO `store`.`sale_history` (`id`, `sale_id`, `status_id`, `sale_sum`, `active_from`, `active_to`) VALUES (913, 65, 5, 5690.00, '19.06.2015', '23.03.2015');
INSERT INTO `store`.`sale_history` (`id`, `sale_id`, `status_id`, `sale_sum`, `active_from`, `active_to`) VALUES (914, 36, 6, 6663.00, '22.01.2015', '05.01.2015');
INSERT INTO `store`.`sale_history` (`id`, `sale_id`, `status_id`, `sale_sum`, `active_from`, `active_to`) VALUES (915, 33, 7, 8650.00, '02.01.2015', '07.01.2015');
INSERT INTO `store`.`sale_history` (`id`, `sale_id`, `status_id`, `sale_sum`, `active_from`, `active_to`) VALUES (916, 64, 2, 2849.00, '19.05.2015', '21.04.2015');
INSERT INTO `store`.`sale_history` (`id`, `sale_id`, `status_id`, `sale_sum`, `active_from`, `active_to`) VALUES (917, 37, 1, 9766.00, '07.05.2015', '21.02.2015');
INSERT INTO `store`.`sale_history` (`id`, `sale_id`, `status_id`, `sale_sum`, `active_from`, `active_to`) VALUES (918, 21, 1, 5924.00, '14.06.2015', '28.02.2015');
INSERT INTO `store`.`sale_history` (`id`, `sale_id`, `status_id`, `sale_sum`, `active_from`, `active_to`) VALUES (919, 69, 5, 6453.00, '09.03.2015', '15.04.2015');
INSERT INTO `store`.`sale_history` (`id`, `sale_id`, `status_id`, `sale_sum`, `active_from`, `active_to`) VALUES (920, 32, 3, 6855.00, '09.04.2015', '03.01.2015');
INSERT INTO `store`.`sale_history` (`id`, `sale_id`, `status_id`, `sale_sum`, `active_from`, `active_to`) VALUES (921, 89, 5, 3921.00, '26.06.2015', '17.06.2015');
INSERT INTO `store`.`sale_history` (`id`, `sale_id`, `status_id`, `sale_sum`, `active_from`, `active_to`) VALUES (922, 93, 4, 8887.00, '18.04.2015', '01.06.2015');
INSERT INTO `store`.`sale_history` (`id`, `sale_id`, `status_id`, `sale_sum`, `active_from`, `active_to`) VALUES (923, 41, 1, 5693.00, '17.02.2015', '11.05.2015');
INSERT INTO `store`.`sale_history` (`id`, `sale_id`, `status_id`, `sale_sum`, `active_from`, `active_to`) VALUES (924, 41, 6, 5734.00, '26.03.2015', '17.04.2015');
INSERT INTO `store`.`sale_history` (`id`, `sale_id`, `status_id`, `sale_sum`, `active_from`, `active_to`) VALUES (925, 6, 1, 2094.00, '12.01.2015', '23.01.2015');
INSERT INTO `store`.`sale_history` (`id`, `sale_id`, `status_id`, `sale_sum`, `active_from`, `active_to`) VALUES (926, 63, 7, 2080.00, '05.06.2015', '25.02.2015');
INSERT INTO `store`.`sale_history` (`id`, `sale_id`, `status_id`, `sale_sum`, `active_from`, `active_to`) VALUES (927, 47, 7, 6214.00, '05.02.2015', '16.06.2015');
INSERT INTO `store`.`sale_history` (`id`, `sale_id`, `status_id`, `sale_sum`, `active_from`, `active_to`) VALUES (928, 99, 7, 4225.00, '18.03.2015', '16.06.2015');
INSERT INTO `store`.`sale_history` (`id`, `sale_id`, `status_id`, `sale_sum`, `active_from`, `active_to`) VALUES (929, 32, 2, 1670.00, '18.05.2015', '11.04.2015');
INSERT INTO `store`.`sale_history` (`id`, `sale_id`, `status_id`, `sale_sum`, `active_from`, `active_to`) VALUES (930, 75, 2, 2549.00, '29.01.2015', '09.03.2015');
INSERT INTO `store`.`sale_history` (`id`, `sale_id`, `status_id`, `sale_sum`, `active_from`, `active_to`) VALUES (931, 95, 7, 4307.00, '02.02.2015', '30.06.2015');
INSERT INTO `store`.`sale_history` (`id`, `sale_id`, `status_id`, `sale_sum`, `active_from`, `active_to`) VALUES (932, 53, 1, 2910.00, '03.06.2015', '28.06.2015');
INSERT INTO `store`.`sale_history` (`id`, `sale_id`, `status_id`, `sale_sum`, `active_from`, `active_to`) VALUES (933, 84, 3, 2078.00, '05.03.2015', '07.03.2015');
INSERT INTO `store`.`sale_history` (`id`, `sale_id`, `status_id`, `sale_sum`, `active_from`, `active_to`) VALUES (934, 41, 5, 1338.00, '25.01.2015', '14.05.2015');
INSERT INTO `store`.`sale_history` (`id`, `sale_id`, `status_id`, `sale_sum`, `active_from`, `active_to`) VALUES (935, 64, 2, 1871.00, '01.03.2015', '09.03.2015');
INSERT INTO `store`.`sale_history` (`id`, `sale_id`, `status_id`, `sale_sum`, `active_from`, `active_to`) VALUES (936, 94, 2, 4682.00, '17.06.2015', '09.01.2015');
INSERT INTO `store`.`sale_history` (`id`, `sale_id`, `status_id`, `sale_sum`, `active_from`, `active_to`) VALUES (937, 19, 5, 2949.00, '17.04.2015', '04.02.2015');
INSERT INTO `store`.`sale_history` (`id`, `sale_id`, `status_id`, `sale_sum`, `active_from`, `active_to`) VALUES (938, 3, 2, 2903.00, '24.01.2015', '27.06.2015');
INSERT INTO `store`.`sale_history` (`id`, `sale_id`, `status_id`, `sale_sum`, `active_from`, `active_to`) VALUES (939, 36, 7, 6281.00, '27.01.2015', '14.04.2015');
INSERT INTO `store`.`sale_history` (`id`, `sale_id`, `status_id`, `sale_sum`, `active_from`, `active_to`) VALUES (940, 84, 2, 4833.00, '23.05.2015', '15.05.2015');
INSERT INTO `store`.`sale_history` (`id`, `sale_id`, `status_id`, `sale_sum`, `active_from`, `active_to`) VALUES (941, 18, 2, 7076.00, '07.02.2015', '20.02.2015');
INSERT INTO `store`.`sale_history` (`id`, `sale_id`, `status_id`, `sale_sum`, `active_from`, `active_to`) VALUES (942, 74, 7, 5542.00, '21.06.2015', '14.05.2015');
INSERT INTO `store`.`sale_history` (`id`, `sale_id`, `status_id`, `sale_sum`, `active_from`, `active_to`) VALUES (943, 49, 5, 1402.00, '07.03.2015', '09.06.2015');
INSERT INTO `store`.`sale_history` (`id`, `sale_id`, `status_id`, `sale_sum`, `active_from`, `active_to`) VALUES (944, 48, 1, 5047.00, '05.03.2015', '13.06.2015');
INSERT INTO `store`.`sale_history` (`id`, `sale_id`, `status_id`, `sale_sum`, `active_from`, `active_to`) VALUES (945, 83, 5, 8282.00, '08.06.2015', '07.03.2015');
INSERT INTO `store`.`sale_history` (`id`, `sale_id`, `status_id`, `sale_sum`, `active_from`, `active_to`) VALUES (946, 12, 7, 9486.00, '20.05.2015', '19.05.2015');
INSERT INTO `store`.`sale_history` (`id`, `sale_id`, `status_id`, `sale_sum`, `active_from`, `active_to`) VALUES (947, 11, 4, 7839.00, '26.03.2015', '25.03.2015');
INSERT INTO `store`.`sale_history` (`id`, `sale_id`, `status_id`, `sale_sum`, `active_from`, `active_to`) VALUES (948, 26, 3, 5579.00, '01.06.2015', '19.01.2015');
INSERT INTO `store`.`sale_history` (`id`, `sale_id`, `status_id`, `sale_sum`, `active_from`, `active_to`) VALUES (949, 9, 4, 2556.00, '22.06.2015', '22.01.2015');
INSERT INTO `store`.`sale_history` (`id`, `sale_id`, `status_id`, `sale_sum`, `active_from`, `active_to`) VALUES (950, 41, 3, 6115.00, '04.02.2015', '03.04.2015');
INSERT INTO `store`.`sale_history` (`id`, `sale_id`, `status_id`, `sale_sum`, `active_from`, `active_to`) VALUES (951, 72, 2, 8376.00, '27.04.2015', '15.05.2015');
INSERT INTO `store`.`sale_history` (`id`, `sale_id`, `status_id`, `sale_sum`, `active_from`, `active_to`) VALUES (952, 14, 2, 3260.00, '02.05.2015', '02.06.2015');
INSERT INTO `store`.`sale_history` (`id`, `sale_id`, `status_id`, `sale_sum`, `active_from`, `active_to`) VALUES (953, 54, 4, 2240.00, '07.06.2015', '08.04.2015');
INSERT INTO `store`.`sale_history` (`id`, `sale_id`, `status_id`, `sale_sum`, `active_from`, `active_to`) VALUES (954, 80, 3, 7848.00, '03.03.2015', '12.04.2015');
INSERT INTO `store`.`sale_history` (`id`, `sale_id`, `status_id`, `sale_sum`, `active_from`, `active_to`) VALUES (955, 56, 1, 9173.00, '10.03.2015', '07.02.2015');
INSERT INTO `store`.`sale_history` (`id`, `sale_id`, `status_id`, `sale_sum`, `active_from`, `active_to`) VALUES (956, 57, 1, 8521.00, '10.06.2015', '13.02.2015');
INSERT INTO `store`.`sale_history` (`id`, `sale_id`, `status_id`, `sale_sum`, `active_from`, `active_to`) VALUES (957, 59, 4, 5490.00, '20.03.2015', '09.03.2015');
INSERT INTO `store`.`sale_history` (`id`, `sale_id`, `status_id`, `sale_sum`, `active_from`, `active_to`) VALUES (958, 71, 3, 6361.00, '06.06.2015', '24.01.2015');
INSERT INTO `store`.`sale_history` (`id`, `sale_id`, `status_id`, `sale_sum`, `active_from`, `active_to`) VALUES (959, 43, 7, 3917.00, '10.06.2015', '29.03.2015');
INSERT INTO `store`.`sale_history` (`id`, `sale_id`, `status_id`, `sale_sum`, `active_from`, `active_to`) VALUES (960, 22, 2, 7268.00, '10.04.2015', '23.03.2015');
INSERT INTO `store`.`sale_history` (`id`, `sale_id`, `status_id`, `sale_sum`, `active_from`, `active_to`) VALUES (961, 59, 7, 4327.00, '01.01.2015', '04.04.2015');
INSERT INTO `store`.`sale_history` (`id`, `sale_id`, `status_id`, `sale_sum`, `active_from`, `active_to`) VALUES (962, 46, 2, 1140.00, '12.05.2015', '09.04.2015');
INSERT INTO `store`.`sale_history` (`id`, `sale_id`, `status_id`, `sale_sum`, `active_from`, `active_to`) VALUES (963, 44, 2, 9800.00, '27.05.2015', '07.01.2015');
INSERT INTO `store`.`sale_history` (`id`, `sale_id`, `status_id`, `sale_sum`, `active_from`, `active_to`) VALUES (964, 50, 2, 3331.00, '16.05.2015', '28.04.2015');
INSERT INTO `store`.`sale_history` (`id`, `sale_id`, `status_id`, `sale_sum`, `active_from`, `active_to`) VALUES (965, 67, 7, 8236.00, '21.05.2015', '20.02.2015');
INSERT INTO `store`.`sale_history` (`id`, `sale_id`, `status_id`, `sale_sum`, `active_from`, `active_to`) VALUES (966, 25, 5, 4696.00, '10.04.2015', '11.06.2015');
INSERT INTO `store`.`sale_history` (`id`, `sale_id`, `status_id`, `sale_sum`, `active_from`, `active_to`) VALUES (967, 20, 5, 4743.00, '20.04.2015', '16.04.2015');
INSERT INTO `store`.`sale_history` (`id`, `sale_id`, `status_id`, `sale_sum`, `active_from`, `active_to`) VALUES (968, 51, 5, 6286.00, '06.05.2015', '16.04.2015');
INSERT INTO `store`.`sale_history` (`id`, `sale_id`, `status_id`, `sale_sum`, `active_from`, `active_to`) VALUES (969, 35, 3, 8618.00, '09.02.2015', '23.03.2015');
INSERT INTO `store`.`sale_history` (`id`, `sale_id`, `status_id`, `sale_sum`, `active_from`, `active_to`) VALUES (970, 25, 4, 9552.00, '04.02.2015', '01.05.2015');
INSERT INTO `store`.`sale_history` (`id`, `sale_id`, `status_id`, `sale_sum`, `active_from`, `active_to`) VALUES (971, 90, 3, 2070.00, '20.01.2015', '05.01.2015');
INSERT INTO `store`.`sale_history` (`id`, `sale_id`, `status_id`, `sale_sum`, `active_from`, `active_to`) VALUES (972, 31, 1, 2496.00, '08.03.2015', '02.04.2015');
INSERT INTO `store`.`sale_history` (`id`, `sale_id`, `status_id`, `sale_sum`, `active_from`, `active_to`) VALUES (973, 70, 3, 8744.00, '07.05.2015', '06.06.2015');
INSERT INTO `store`.`sale_history` (`id`, `sale_id`, `status_id`, `sale_sum`, `active_from`, `active_to`) VALUES (974, 45, 3, 8898.00, '21.02.2015', '01.06.2015');
INSERT INTO `store`.`sale_history` (`id`, `sale_id`, `status_id`, `sale_sum`, `active_from`, `active_to`) VALUES (975, 43, 3, 5104.00, '03.02.2015', '30.06.2015');
INSERT INTO `store`.`sale_history` (`id`, `sale_id`, `status_id`, `sale_sum`, `active_from`, `active_to`) VALUES (976, 74, 6, 6745.00, '21.01.2015', '05.04.2015');
INSERT INTO `store`.`sale_history` (`id`, `sale_id`, `status_id`, `sale_sum`, `active_from`, `active_to`) VALUES (977, 85, 2, 3460.00, '22.02.2015', '25.02.2015');
INSERT INTO `store`.`sale_history` (`id`, `sale_id`, `status_id`, `sale_sum`, `active_from`, `active_to`) VALUES (978, 93, 2, 6527.00, '17.04.2015', '04.06.2015');
INSERT INTO `store`.`sale_history` (`id`, `sale_id`, `status_id`, `sale_sum`, `active_from`, `active_to`) VALUES (979, 35, 6, 8420.00, '24.02.2015', '20.04.2015');
INSERT INTO `store`.`sale_history` (`id`, `sale_id`, `status_id`, `sale_sum`, `active_from`, `active_to`) VALUES (980, 87, 7, 7006.00, '30.01.2015', '09.06.2015');
INSERT INTO `store`.`sale_history` (`id`, `sale_id`, `status_id`, `sale_sum`, `active_from`, `active_to`) VALUES (981, 47, 2, 6909.00, '13.04.2015', '12.03.2015');
INSERT INTO `store`.`sale_history` (`id`, `sale_id`, `status_id`, `sale_sum`, `active_from`, `active_to`) VALUES (982, 83, 3, 7364.00, '13.06.2015', '07.05.2015');
INSERT INTO `store`.`sale_history` (`id`, `sale_id`, `status_id`, `sale_sum`, `active_from`, `active_to`) VALUES (983, 81, 4, 2932.00, '03.03.2015', '31.03.2015');
INSERT INTO `store`.`sale_history` (`id`, `sale_id`, `status_id`, `sale_sum`, `active_from`, `active_to`) VALUES (984, 32, 1, 3534.00, '24.05.2015', '04.03.2015');
INSERT INTO `store`.`sale_history` (`id`, `sale_id`, `status_id`, `sale_sum`, `active_from`, `active_to`) VALUES (985, 85, 7, 1877.00, '22.06.2015', '20.04.2015');
INSERT INTO `store`.`sale_history` (`id`, `sale_id`, `status_id`, `sale_sum`, `active_from`, `active_to`) VALUES (986, 36, 4, 7997.00, '06.03.2015', '07.04.2015');
INSERT INTO `store`.`sale_history` (`id`, `sale_id`, `status_id`, `sale_sum`, `active_from`, `active_to`) VALUES (987, 27, 5, 6973.00, '14.04.2015', '07.02.2015');
INSERT INTO `store`.`sale_history` (`id`, `sale_id`, `status_id`, `sale_sum`, `active_from`, `active_to`) VALUES (988, 64, 1, 3093.00, '22.06.2015', '05.04.2015');
INSERT INTO `store`.`sale_history` (`id`, `sale_id`, `status_id`, `sale_sum`, `active_from`, `active_to`) VALUES (989, 6, 5, 6755.00, '05.04.2015', '13.06.2015');
INSERT INTO `store`.`sale_history` (`id`, `sale_id`, `status_id`, `sale_sum`, `active_from`, `active_to`) VALUES (990, 93, 5, 2879.00, '24.01.2015', '15.04.2015');
INSERT INTO `store`.`sale_history` (`id`, `sale_id`, `status_id`, `sale_sum`, `active_from`, `active_to`) VALUES (991, 71, 2, 9661.00, '30.01.2015', '06.02.2015');
INSERT INTO `store`.`sale_history` (`id`, `sale_id`, `status_id`, `sale_sum`, `active_from`, `active_to`) VALUES (992, 64, 1, 3763.00, '01.05.2015', '16.04.2015');
INSERT INTO `store`.`sale_history` (`id`, `sale_id`, `status_id`, `sale_sum`, `active_from`, `active_to`) VALUES (993, 31, 7, 7823.00, '21.06.2015', '21.06.2015');
INSERT INTO `store`.`sale_history` (`id`, `sale_id`, `status_id`, `sale_sum`, `active_from`, `active_to`) VALUES (994, 61, 7, 5250.00, '21.03.2015', '14.05.2015');
INSERT INTO `store`.`sale_history` (`id`, `sale_id`, `status_id`, `sale_sum`, `active_from`, `active_to`) VALUES (995, 44, 4, 6642.00, '15.05.2015', '12.04.2015');
INSERT INTO `store`.`sale_history` (`id`, `sale_id`, `status_id`, `sale_sum`, `active_from`, `active_to`) VALUES (996, 93, 3, 1107.00, '23.02.2015', '14.05.2015');
INSERT INTO `store`.`sale_history` (`id`, `sale_id`, `status_id`, `sale_sum`, `active_from`, `active_to`) VALUES (997, 7, 3, 4497.00, '26.05.2015', '04.06.2015');
INSERT INTO `store`.`sale_history` (`id`, `sale_id`, `status_id`, `sale_sum`, `active_from`, `active_to`) VALUES (998, 10, 7, 9977.00, '23.04.2015', '25.01.2015');
INSERT INTO `store`.`sale_history` (`id`, `sale_id`, `status_id`, `sale_sum`, `active_from`, `active_to`) VALUES (999, 39, 1, 1193.00, '28.04.2015', '18.05.2015');
INSERT INTO `store`.`sale_history` (`id`, `sale_id`, `status_id`, `sale_sum`, `active_from`, `active_to`) VALUES (1000, 36, 4, 9059.00, '10.05.2015', '28.06.2015');

COMMIT;

