1,54,5,2846.00,18.02.2015,28.01.2015
2,64,7,4512.00,03.03.2015,11.02.2015
3,68,2,2250.00,19.06.2015,26.02.2015
4,6,3,7472.00,23.04.2015,12.03.2015
5,51,1,4475.00,24.02.2015,30.04.2015
6,49,5,9793.00,30.04.2015,22.05.2015
7,88,2,3233.00,22.01.2015,05.06.2015
8,80,6,2482.00,22.05.2015,27.02.2015
9,39,1,1374.00,20.01.2015,27.01.2015
10,38,7,2155.00,15.04.2015,16.03.2015
11,25,7,2036.00,26.05.2015,27.06.2015
12,14,7,4130.00,10.04.2015,21.04.2015
13,30,2,4172.00,31.01.2015,01.02.2015
14,9,5,1271.00,27.05.2015,22.04.2015
15,14,2,3848.00,29.05.2015,26.06.2015
16,62,6,5209.00,22.01.2015,01.01.2015
17,6,1,5875.00,07.03.2015,07.06.2015
18,37,3,7462.00,11.06.2015,10.06.2015
19,69,7,1359.00,18.06.2015,16.05.2015
20,87,7,7223.00,04.05.2015,24.01.2015
21,22,5,5703.00,24.05.2015,04.04.2015
22,60,3,7958.00,14.05.2015,04.05.2015
23,56,4,7349.00,23.01.2015,08.06.2015
24,36,1,1757.00,24.03.2015,27.01.2015
25,62,5,3950.00,22.06.2015,05.03.2015
26,69,7,1901.00,20.06.2015,10.04.2015
27,79,2,1344.00,28.02.2015,25.01.2015
28,39,7,6582.00,04.05.2015,30.01.2015
29,57,4,7697.00,12.03.2015,10.01.2015
30,63,5,3835.00,13.04.2015,15.05.2015
31,48,7,1954.00,30.06.2015,02.05.2015
32,100,1,1112.00,10.01.2015,01.01.2015
33,81,7,9006.00,31.05.2015,26.05.2015
34,21,3,1699.00,01.05.2015,23.04.2015
35,87,5,1987.00,03.06.2015,15.03.2015
36,78,5,6368.00,23.05.2015,02.05.2015
37,43,2,4422.00,30.03.2015,12.06.2015
38,27,5,6781.00,12.03.2015,18.06.2015
39,15,7,8633.00,04.03.2015,11.05.2015
40,33,1,4371.00,02.05.2015,15.05.2015
41,38,6,2171.00,11.02.2015,13.04.2015
42,42,2,7951.00,29.04.2015,07.02.2015
43,77,1,5077.00,19.01.2015,11.04.2015
44,66,4,7440.00,21.06.2015,12.01.2015
45,37,3,2991.00,08.04.2015,29.05.2015
46,93,7,5014.00,11.05.2015,01.04.2015
47,41,4,5312.00,06.06.2015,20.02.2015
48,13,3,6245.00,13.05.2015,01.03.2015
49,61,7,4521.00,12.01.2015,11.01.2015
50,41,6,6141.00,23.04.2015,09.03.2015
51,89,3,3719.00,09.02.2015,13.02.2015
52,79,2,7820.00,17.02.2015,11.06.2015
53,96,1,2112.00,25.06.2015,11.04.2015
54,80,7,2753.00,29.06.2015,26.06.2015
55,50,2,9255.00,11.01.2015,10.03.2015
56,44,7,2745.00,12.03.2015,09.06.2015
57,87,2,8826.00,29.04.2015,03.02.2015
58,49,1,1561.00,17.01.2015,25.04.2015
59,14,3,4173.00,02.03.2015,24.02.2015
60,16,5,9196.00,19.02.2015,21.01.2015
61,51,4,3728.00,04.06.2015,25.02.2015
62,88,6,7475.00,04.06.2015,28.05.2015
63,34,6,6231.00,19.03.2015,21.01.2015
64,14,4,7598.00,19.03.2015,06.05.2015
65,35,1,4057.00,09.06.2015,14.06.2015
66,82,6,3093.00,21.06.2015,02.04.2015
67,20,1,6915.00,04.01.2015,07.03.2015
68,3,5,9876.00,26.02.2015,01.06.2015
69,15,6,9369.00,02.01.2015,15.01.2015
70,30,7,4350.00,28.05.2015,23.03.2015
71,71,3,5668.00,27.01.2015,13.01.2015
72,78,3,3025.00,13.04.2015,23.06.2015
73,77,5,5914.00,12.05.2015,11.02.2015
74,42,5,9157.00,07.01.2015,02.01.2015
75,81,4,8907.00,19.06.2015,16.04.2015
76,84,2,7353.00,23.03.2015,06.04.2015
77,72,4,4105.00,14.02.2015,04.05.2015
78,89,1,2305.00,19.01.2015,24.05.2015
79,9,3,4251.00,28.02.2015,24.03.2015
80,13,2,5825.00,02.05.2015,24.05.2015
81,93,5,5143.00,10.04.2015,29.06.2015
82,19,2,2290.00,23.03.2015,21.02.2015
83,12,7,9725.00,30.04.2015,27.04.2015
84,69,2,7646.00,08.01.2015,13.01.2015
85,67,7,2219.00,02.03.2015,12.06.2015
86,53,2,8107.00,14.04.2015,10.01.2015
87,76,5,8657.00,16.02.2015,24.01.2015
88,23,1,9894.00,11.01.2015,02.06.2015
89,84,7,8036.00,18.05.2015,31.01.2015
90,32,3,2432.00,25.04.2015,10.06.2015
91,4,6,9049.00,12.01.2015,05.01.2015
92,91,3,5464.00,10.02.2015,19.04.2015
93,45,6,4226.00,22.05.2015,12.03.2015
94,43,6,6112.00,17.04.2015,17.06.2015
95,52,2,2157.00,28.01.2015,29.04.2015
96,35,7,7298.00,10.04.2015,23.02.2015
97,77,7,9316.00,13.06.2015,13.05.2015
98,84,7,6154.00,16.02.2015,08.04.2015
99,39,2,4650.00,08.01.2015,15.04.2015
100,95,6,3587.00,18.04.2015,28.06.2015
101,49,3,2346.00,11.04.2015,21.01.2015
102,1,6,6387.00,15.04.2015,03.01.2015
103,7,2,5570.00,10.02.2015,13.03.2015
104,7,2,9164.00,14.03.2015,09.01.2015
105,86,1,6447.00,10.03.2015,16.02.2015
106,78,5,7777.00,30.01.2015,19.06.2015
107,1,6,5616.00,12.05.2015,21.06.2015
108,8,6,5415.00,04.04.2015,26.02.2015
109,44,6,2901.00,17.01.2015,06.01.2015
110,33,3,2429.00,06.06.2015,08.01.2015
111,77,6,1086.00,14.02.2015,27.05.2015
112,48,5,6451.00,08.03.2015,22.06.2015
113,99,1,6369.00,15.04.2015,27.02.2015
114,100,1,2039.00,23.01.2015,21.05.2015
115,14,7,7708.00,26.02.2015,11.04.2015
116,9,2,9559.00,13.06.2015,15.04.2015
117,53,2,8350.00,02.05.2015,26.06.2015
118,16,4,7961.00,10.06.2015,20.04.2015
119,56,6,1445.00,26.01.2015,01.06.2015
120,63,4,3808.00,05.04.2015,06.03.2015
121,11,6,8736.00,25.06.2015,04.04.2015
122,30,5,7490.00,03.01.2015,06.03.2015
123,71,1,1973.00,29.01.2015,26.06.2015
124,70,2,2652.00,12.02.2015,25.01.2015
125,36,3,8511.00,29.06.2015,21.02.2015
126,46,7,1599.00,05.03.2015,03.05.2015
127,16,3,2698.00,25.03.2015,07.02.2015
128,91,1,7730.00,13.05.2015,04.06.2015
129,8,4,4538.00,06.02.2015,18.06.2015
130,28,3,6600.00,10.04.2015,01.04.2015
131,8,4,1833.00,09.01.2015,15.06.2015
132,14,5,1727.00,10.03.2015,17.05.2015
133,88,2,9758.00,06.06.2015,16.03.2015
134,50,3,3688.00,23.04.2015,08.02.2015
135,91,1,3465.00,04.03.2015,09.04.2015
136,56,6,2363.00,06.06.2015,10.05.2015
137,28,6,5699.00,14.05.2015,10.03.2015
138,52,5,6480.00,04.01.2015,25.05.2015
139,14,3,1692.00,14.03.2015,04.03.2015
140,55,7,4822.00,27.05.2015,04.02.2015
141,63,6,6502.00,06.04.2015,02.01.2015
142,21,3,2795.00,17.03.2015,09.04.2015
143,5,4,8663.00,27.02.2015,17.05.2015
144,98,3,1502.00,28.06.2015,27.01.2015
145,13,4,1116.00,12.04.2015,26.01.2015
146,5,7,7937.00,12.01.2015,26.06.2015
147,73,6,6968.00,27.01.2015,01.06.2015
148,69,6,1211.00,03.05.2015,21.04.2015
149,11,3,7994.00,27.06.2015,01.06.2015
150,100,5,8531.00,04.04.2015,11.05.2015
151,46,5,2197.00,28.03.2015,17.02.2015
152,12,2,6323.00,10.01.2015,24.01.2015
153,7,5,1793.00,27.03.2015,17.06.2015
154,58,1,3784.00,14.05.2015,12.03.2015
155,14,2,6200.00,16.05.2015,06.06.2015
156,58,4,9606.00,16.03.2015,04.06.2015
157,48,5,8731.00,15.03.2015,09.01.2015
158,93,6,9919.00,14.05.2015,03.06.2015
159,21,6,4182.00,23.01.2015,29.03.2015
160,74,7,8499.00,25.06.2015,12.05.2015
161,7,3,8054.00,06.04.2015,11.05.2015
162,45,1,6991.00,23.03.2015,10.02.2015
163,12,1,6275.00,15.06.2015,07.06.2015
164,15,3,6628.00,29.04.2015,29.01.2015
165,15,4,9127.00,19.04.2015,14.01.2015
166,96,6,7660.00,16.03.2015,27.03.2015
167,65,1,7615.00,18.06.2015,16.02.2015
168,15,4,8301.00,09.01.2015,04.04.2015
169,34,3,7613.00,25.06.2015,03.02.2015
170,74,1,7401.00,12.02.2015,17.06.2015
171,19,1,8409.00,29.01.2015,20.04.2015
172,60,1,9499.00,28.05.2015,21.01.2015
173,45,1,7881.00,19.02.2015,24.02.2015
174,45,6,8889.00,22.04.2015,19.03.2015
175,2,3,4282.00,16.03.2015,12.06.2015
176,92,6,7663.00,18.01.2015,18.02.2015
177,12,2,2798.00,07.01.2015,23.01.2015
178,48,5,7320.00,24.05.2015,05.05.2015
179,55,2,6164.00,23.04.2015,25.05.2015
180,24,5,1559.00,14.04.2015,19.03.2015
181,58,5,8856.00,14.01.2015,18.02.2015
182,43,7,9883.00,25.03.2015,28.03.2015
183,29,5,8273.00,28.03.2015,25.05.2015
184,17,3,1276.00,31.01.2015,09.03.2015
185,44,7,5051.00,18.06.2015,07.06.2015
186,92,7,7426.00,27.02.2015,30.06.2015
187,10,2,1710.00,25.05.2015,17.03.2015
188,54,2,8057.00,07.04.2015,11.02.2015
189,80,1,3083.00,07.03.2015,06.02.2015
190,48,1,7495.00,25.01.2015,23.04.2015
191,50,6,7496.00,27.06.2015,25.06.2015
192,34,6,8807.00,20.02.2015,02.06.2015
193,83,2,9220.00,21.03.2015,26.01.2015
194,30,1,3142.00,14.03.2015,28.04.2015
195,76,6,2225.00,04.06.2015,07.02.2015
196,66,2,5846.00,03.03.2015,31.03.2015
197,3,4,6629.00,22.01.2015,28.01.2015
198,54,1,4283.00,07.04.2015,03.02.2015
199,95,5,5834.00,12.01.2015,25.05.2015
200,10,3,8790.00,20.04.2015,23.01.2015
201,42,3,3236.00,02.05.2015,18.06.2015
202,54,4,7136.00,27.06.2015,30.04.2015
203,84,4,6988.00,30.05.2015,27.05.2015
204,46,4,3915.00,17.03.2015,14.02.2015
205,63,7,1290.00,13.02.2015,21.02.2015
206,19,6,6702.00,11.01.2015,05.01.2015
207,63,4,6247.00,15.03.2015,17.01.2015
208,63,3,9478.00,11.02.2015,26.04.2015
209,14,2,6670.00,08.06.2015,01.02.2015
210,38,1,3742.00,29.01.2015,06.06.2015
211,13,1,1667.00,13.06.2015,07.04.2015
212,69,4,4172.00,19.06.2015,23.01.2015
213,83,2,5799.00,09.06.2015,09.01.2015
214,15,4,1878.00,03.05.2015,31.03.2015
215,5,2,1860.00,01.04.2015,08.06.2015
216,63,4,2626.00,08.01.2015,14.02.2015
217,53,6,6266.00,24.04.2015,14.01.2015
218,2,3,7875.00,23.05.2015,08.02.2015
219,39,5,1522.00,01.06.2015,30.04.2015
220,39,6,5253.00,08.05.2015,20.02.2015
221,27,4,1265.00,01.01.2015,10.06.2015
222,27,3,9885.00,26.03.2015,12.04.2015
223,55,7,4424.00,25.02.2015,12.03.2015
224,39,3,9607.00,13.02.2015,04.05.2015
225,42,6,3492.00,06.05.2015,02.03.2015
226,31,4,9482.00,07.06.2015,22.01.2015
227,2,3,3148.00,07.01.2015,19.04.2015
228,76,1,9151.00,06.06.2015,17.02.2015
229,1,6,7594.00,05.05.2015,06.02.2015
230,19,3,3931.00,31.03.2015,15.06.2015
231,54,1,6442.00,15.02.2015,17.05.2015
232,48,4,9685.00,03.01.2015,25.03.2015
233,6,6,8914.00,21.01.2015,09.06.2015
234,17,5,2450.00,09.05.2015,27.03.2015
235,65,6,7416.00,18.02.2015,06.05.2015
236,91,2,5935.00,02.05.2015,09.01.2015
237,62,1,3907.00,06.06.2015,09.06.2015
238,41,2,2861.00,04.04.2015,24.06.2015
239,70,2,4864.00,11.05.2015,12.01.2015
240,19,5,3438.00,21.06.2015,12.02.2015
241,96,3,2443.00,17.02.2015,22.05.2015
242,86,6,5947.00,16.05.2015,29.01.2015
243,45,6,3615.00,10.03.2015,06.05.2015
244,49,7,6281.00,30.05.2015,24.02.2015
245,46,6,7938.00,30.05.2015,26.04.2015
246,79,4,7658.00,18.02.2015,21.05.2015
247,87,5,2469.00,03.06.2015,27.06.2015
248,13,7,4763.00,06.05.2015,11.04.2015
249,18,5,3406.00,22.01.2015,09.06.2015
250,53,3,5112.00,21.04.2015,03.04.2015
251,69,3,5595.00,28.05.2015,13.04.2015
252,22,7,8776.00,15.06.2015,22.04.2015
253,27,7,4486.00,02.06.2015,02.05.2015
254,89,2,7169.00,31.01.2015,01.04.2015
255,43,7,9384.00,28.02.2015,12.06.2015
256,38,3,2440.00,01.05.2015,19.03.2015
257,21,6,2930.00,24.05.2015,12.06.2015
258,98,6,3238.00,09.06.2015,01.01.2015
259,17,7,3411.00,30.01.2015,23.02.2015
260,48,5,2921.00,30.04.2015,15.01.2015
261,21,2,2127.00,25.05.2015,12.03.2015
262,32,3,8528.00,03.03.2015,10.04.2015
263,93,3,8531.00,03.06.2015,14.02.2015
264,89,3,5888.00,02.01.2015,04.02.2015
265,70,1,3163.00,08.02.2015,23.04.2015
266,32,1,8296.00,19.03.2015,25.01.2015
267,49,6,9707.00,05.05.2015,02.05.2015
268,92,3,9857.00,16.04.2015,17.04.2015
269,39,2,3588.00,21.03.2015,21.05.2015
270,44,6,8624.00,13.01.2015,25.03.2015
271,69,3,1749.00,03.02.2015,21.01.2015
272,78,2,5884.00,23.03.2015,08.02.2015
273,78,7,4177.00,20.04.2015,19.04.2015
274,48,3,8075.00,11.03.2015,16.05.2015
275,15,5,4536.00,09.05.2015,05.03.2015
276,51,7,1899.00,20.02.2015,03.05.2015
277,92,4,1076.00,26.03.2015,10.05.2015
278,27,2,1951.00,12.02.2015,16.02.2015
279,29,1,9773.00,17.02.2015,26.01.2015
280,25,5,4982.00,28.03.2015,08.04.2015
281,7,3,8623.00,24.01.2015,06.01.2015
282,17,5,7316.00,17.02.2015,08.04.2015
283,73,7,3321.00,05.02.2015,18.06.2015
284,62,2,4656.00,30.05.2015,26.05.2015
285,38,6,2393.00,08.01.2015,23.05.2015
286,81,1,6877.00,03.04.2015,05.01.2015
287,88,7,1326.00,22.03.2015,20.06.2015
288,7,2,8947.00,13.02.2015,18.01.2015
289,72,6,7067.00,24.03.2015,03.06.2015
290,58,6,6476.00,20.05.2015,12.04.2015
291,36,1,4954.00,24.05.2015,31.03.2015
292,3,3,6585.00,02.06.2015,03.04.2015
293,92,6,8642.00,21.05.2015,20.06.2015
294,25,3,1903.00,30.04.2015,05.04.2015
295,26,1,1167.00,21.05.2015,24.04.2015
296,47,1,2872.00,20.02.2015,12.05.2015
297,73,2,1352.00,25.04.2015,11.05.2015
298,39,5,7794.00,01.02.2015,26.01.2015
299,84,7,6264.00,02.04.2015,03.05.2015
300,11,1,5661.00,08.05.2015,25.01.2015
301,18,6,1462.00,20.01.2015,18.04.2015
302,94,6,8917.00,06.02.2015,04.01.2015
303,17,2,3972.00,08.01.2015,18.06.2015
304,41,2,7391.00,30.05.2015,11.03.2015
305,4,1,8851.00,07.01.2015,05.05.2015
306,83,3,9910.00,07.02.2015,24.06.2015
307,36,4,9909.00,15.06.2015,19.05.2015
308,62,2,5734.00,11.03.2015,23.05.2015
309,6,3,1810.00,17.05.2015,20.02.2015
310,42,1,6691.00,21.03.2015,15.04.2015
311,44,2,6299.00,19.01.2015,12.03.2015
312,56,6,5690.00,04.03.2015,12.05.2015
313,79,4,5285.00,12.06.2015,23.05.2015
314,65,5,6870.00,04.06.2015,18.02.2015
315,64,1,6012.00,30.03.2015,21.02.2015
316,68,4,9384.00,13.06.2015,14.06.2015
317,62,2,8988.00,10.03.2015,22.04.2015
318,17,4,1270.00,02.02.2015,24.01.2015
319,50,1,2575.00,21.06.2015,03.01.2015
320,20,4,6664.00,24.04.2015,04.05.2015
321,76,5,7970.00,12.06.2015,23.05.2015
322,38,4,9228.00,20.06.2015,28.01.2015
323,20,5,5196.00,17.06.2015,25.01.2015
324,47,3,5883.00,29.04.2015,08.03.2015
325,20,2,7169.00,31.05.2015,17.01.2015
326,69,4,8279.00,25.05.2015,05.06.2015
327,10,3,1823.00,22.02.2015,02.06.2015
328,24,6,4129.00,07.01.2015,23.04.2015
329,58,1,7082.00,08.06.2015,17.04.2015
330,50,4,7823.00,26.04.2015,08.03.2015
331,43,6,8868.00,01.03.2015,24.02.2015
332,25,3,9654.00,13.05.2015,02.02.2015
333,23,4,1119.00,18.03.2015,09.05.2015
334,6,7,8843.00,26.03.2015,29.05.2015
335,67,4,6406.00,31.01.2015,29.03.2015
336,51,1,6214.00,18.04.2015,04.03.2015
337,47,7,8398.00,28.05.2015,27.02.2015
338,60,5,7871.00,09.03.2015,07.03.2015
339,54,2,2700.00,23.05.2015,09.02.2015
340,57,5,2833.00,24.04.2015,13.06.2015
341,38,6,6991.00,05.02.2015,18.05.2015
342,37,7,4926.00,02.01.2015,10.06.2015
343,85,2,7476.00,25.01.2015,16.02.2015
344,27,1,9657.00,19.02.2015,30.01.2015
345,14,2,6704.00,01.05.2015,04.02.2015
346,30,2,5672.00,21.03.2015,30.04.2015
347,82,4,5912.00,22.02.2015,13.03.2015
348,15,2,1296.00,04.05.2015,10.05.2015
349,30,2,5725.00,06.05.2015,04.01.2015
350,29,6,1221.00,25.04.2015,28.05.2015
351,24,2,7889.00,21.06.2015,16.01.2015
352,9,7,8182.00,26.04.2015,15.01.2015
353,1,4,7347.00,27.05.2015,24.04.2015
354,73,5,6779.00,07.01.2015,07.06.2015
355,29,1,6764.00,08.06.2015,13.03.2015
356,62,2,2840.00,13.04.2015,01.02.2015
357,67,3,6415.00,25.06.2015,14.05.2015
358,100,1,2779.00,22.01.2015,08.06.2015
359,92,4,8127.00,22.06.2015,17.02.2015
360,35,2,7855.00,01.04.2015,30.06.2015
361,90,3,1107.00,07.01.2015,14.06.2015
362,99,3,3984.00,03.02.2015,06.02.2015
363,22,6,6810.00,04.06.2015,20.02.2015
364,84,5,8389.00,27.01.2015,11.04.2015
365,53,5,8060.00,10.04.2015,17.01.2015
366,74,5,6554.00,08.02.2015,14.03.2015
367,55,6,8766.00,03.03.2015,23.06.2015
368,6,3,4971.00,02.02.2015,08.03.2015
369,11,7,7254.00,17.03.2015,12.06.2015
370,9,5,5561.00,10.03.2015,18.06.2015
371,23,2,7840.00,28.05.2015,17.06.2015
372,14,6,4052.00,06.03.2015,02.06.2015
373,2,6,7008.00,11.01.2015,27.02.2015
374,80,2,2532.00,27.06.2015,19.06.2015
375,41,4,3261.00,08.05.2015,30.06.2015
376,56,6,7488.00,21.05.2015,16.06.2015
377,48,4,9685.00,13.03.2015,23.05.2015
378,96,2,2286.00,09.03.2015,21.03.2015
379,65,7,8528.00,16.04.2015,23.01.2015
380,19,1,8576.00,14.06.2015,19.03.2015
381,39,3,8879.00,18.04.2015,22.02.2015
382,88,6,1451.00,20.03.2015,21.05.2015
383,30,1,1046.00,07.02.2015,25.02.2015
384,22,3,6036.00,01.04.2015,02.06.2015
385,44,6,7437.00,15.03.2015,12.03.2015
386,58,3,9128.00,20.05.2015,16.03.2015
387,45,3,1256.00,03.02.2015,12.06.2015
388,23,2,2592.00,08.04.2015,09.05.2015
389,85,5,1524.00,29.05.2015,14.03.2015
390,67,7,5592.00,17.05.2015,07.05.2015
391,73,6,6018.00,19.03.2015,03.04.2015
392,83,6,4486.00,18.02.2015,26.05.2015
393,87,5,1585.00,27.03.2015,17.03.2015
394,76,1,8261.00,07.03.2015,01.02.2015
395,90,1,5518.00,28.04.2015,13.04.2015
396,71,3,6477.00,25.06.2015,06.01.2015
397,71,4,7143.00,10.03.2015,12.02.2015
398,71,4,4387.00,28.02.2015,18.03.2015
399,86,6,9691.00,08.06.2015,10.03.2015
400,6,6,7935.00,29.04.2015,23.01.2015
401,19,7,1855.00,26.03.2015,29.01.2015
402,26,2,5991.00,01.06.2015,24.06.2015
403,12,3,2305.00,04.05.2015,01.02.2015
404,77,3,5015.00,22.02.2015,15.01.2015
405,26,6,3233.00,29.03.2015,16.06.2015
406,94,7,5492.00,20.05.2015,09.06.2015
407,23,5,3055.00,16.05.2015,10.05.2015
408,65,5,6835.00,16.03.2015,04.03.2015
409,92,1,9854.00,22.03.2015,19.03.2015
410,88,7,1151.00,27.04.2015,13.04.2015
411,40,1,8060.00,16.05.2015,29.01.2015
412,82,6,2915.00,24.01.2015,17.02.2015
413,14,5,8112.00,03.01.2015,02.02.2015
414,75,3,5944.00,04.01.2015,20.05.2015
415,49,2,9347.00,09.04.2015,17.01.2015
416,55,2,6050.00,16.04.2015,08.04.2015
417,24,6,9829.00,16.03.2015,13.06.2015
418,22,4,9648.00,30.06.2015,09.05.2015
419,52,7,1738.00,23.03.2015,13.03.2015
420,79,3,9842.00,30.03.2015,21.04.2015
421,99,4,3271.00,23.05.2015,27.06.2015
422,42,1,4024.00,25.02.2015,03.04.2015
423,94,5,9517.00,03.06.2015,27.03.2015
424,61,4,3346.00,28.04.2015,05.03.2015
425,67,6,9772.00,24.04.2015,26.01.2015
426,26,5,3761.00,12.04.2015,08.04.2015
427,12,4,6672.00,10.01.2015,04.05.2015
428,80,3,5624.00,05.05.2015,24.03.2015
429,13,3,9724.00,12.05.2015,12.04.2015
430,16,2,4318.00,19.06.2015,18.05.2015
431,38,4,9162.00,23.01.2015,26.02.2015
432,26,5,4604.00,17.04.2015,18.02.2015
433,15,2,6159.00,18.01.2015,24.05.2015
434,78,2,4494.00,17.01.2015,11.02.2015
435,6,4,9699.00,03.02.2015,14.05.2015
436,16,5,4430.00,26.03.2015,24.03.2015
437,61,7,4822.00,21.02.2015,12.02.2015
438,48,5,6667.00,23.03.2015,22.04.2015
439,63,3,6364.00,12.03.2015,14.03.2015
440,96,1,4947.00,21.03.2015,28.01.2015
441,9,6,2316.00,29.03.2015,11.03.2015
442,68,4,8173.00,14.03.2015,06.03.2015
443,18,5,5064.00,16.04.2015,04.05.2015
444,16,6,2179.00,22.01.2015,15.05.2015
445,48,6,2769.00,07.06.2015,19.02.2015
446,38,1,5111.00,29.06.2015,15.02.2015
447,28,5,3759.00,28.04.2015,19.05.2015
448,72,7,5434.00,06.05.2015,04.01.2015
449,93,6,2337.00,09.06.2015,29.01.2015
450,86,3,7480.00,25.05.2015,18.06.2015
451,58,6,2877.00,28.01.2015,01.06.2015
452,100,6,9281.00,23.05.2015,01.05.2015
453,24,4,6784.00,10.03.2015,06.05.2015
454,76,7,4799.00,03.05.2015,17.01.2015
455,9,2,2643.00,01.06.2015,04.02.2015
456,59,7,8273.00,06.06.2015,20.06.2015
457,27,2,7945.00,07.02.2015,03.01.2015
458,8,1,2037.00,05.03.2015,26.06.2015
459,93,2,4002.00,07.04.2015,27.04.2015
460,55,5,5448.00,08.06.2015,27.05.2015
461,6,6,8803.00,20.02.2015,16.06.2015
462,64,2,4609.00,14.03.2015,09.04.2015
463,54,7,9479.00,07.03.2015,23.05.2015
464,87,4,8579.00,23.04.2015,15.06.2015
465,6,4,9517.00,24.02.2015,04.01.2015
466,52,7,8845.00,12.02.2015,28.02.2015
467,57,6,2176.00,07.03.2015,13.03.2015
468,10,5,9732.00,27.04.2015,15.02.2015
469,12,7,5192.00,23.05.2015,17.03.2015
470,22,5,8904.00,13.01.2015,02.03.2015
471,91,6,9694.00,02.02.2015,19.06.2015
472,80,1,3022.00,25.06.2015,31.05.2015
473,55,5,1305.00,22.04.2015,13.03.2015
474,17,7,1370.00,12.05.2015,14.01.2015
475,13,5,1875.00,08.01.2015,17.05.2015
476,92,6,3561.00,23.01.2015,20.05.2015
477,18,5,2528.00,13.03.2015,06.06.2015
478,66,7,2276.00,08.03.2015,22.01.2015
479,31,3,3514.00,27.06.2015,15.04.2015
480,31,6,3199.00,22.06.2015,16.05.2015
481,61,5,4627.00,08.02.2015,23.03.2015
482,10,2,7784.00,29.05.2015,31.05.2015
483,98,7,3571.00,26.04.2015,13.02.2015
484,52,6,4294.00,24.01.2015,12.02.2015
485,73,6,8013.00,06.03.2015,23.06.2015
486,33,4,4545.00,07.06.2015,11.03.2015
487,1,5,9881.00,24.04.2015,08.03.2015
488,74,5,1811.00,15.04.2015,20.02.2015
489,69,1,8419.00,30.04.2015,01.06.2015
490,74,6,7003.00,13.03.2015,05.04.2015
491,20,5,6456.00,01.02.2015,19.03.2015
492,24,3,4565.00,09.06.2015,01.06.2015
493,89,6,7420.00,15.02.2015,21.02.2015
494,43,4,7373.00,18.04.2015,25.06.2015
495,18,4,5599.00,22.02.2015,30.06.2015
496,61,3,3777.00,05.03.2015,13.05.2015
497,19,5,7392.00,06.02.2015,14.02.2015
498,4,1,2132.00,11.02.2015,11.05.2015
499,35,5,3375.00,26.06.2015,07.06.2015
500,11,6,8606.00,01.03.2015,03.02.2015
501,28,4,5734.00,28.06.2015,14.03.2015
502,76,1,2212.00,24.01.2015,08.05.2015
503,65,4,3932.00,26.04.2015,30.06.2015
504,9,6,5841.00,20.06.2015,05.02.2015
505,12,7,1209.00,16.03.2015,30.03.2015
506,33,5,8081.00,07.05.2015,05.01.2015
507,37,1,6602.00,26.01.2015,21.02.2015
508,64,1,7410.00,02.05.2015,12.06.2015
509,13,5,6356.00,26.01.2015,25.05.2015
510,14,7,9672.00,02.03.2015,03.04.2015
511,68,7,5637.00,31.05.2015,15.02.2015
512,54,5,9039.00,08.03.2015,11.05.2015
513,54,1,8566.00,19.06.2015,13.02.2015
514,42,7,6634.00,30.04.2015,10.03.2015
515,67,4,2207.00,20.02.2015,04.06.2015
516,43,1,9892.00,17.04.2015,26.06.2015
517,89,2,1906.00,08.02.2015,20.06.2015
518,91,4,7545.00,04.01.2015,23.01.2015
519,96,2,7422.00,19.01.2015,11.04.2015
520,9,5,8135.00,30.04.2015,31.03.2015
521,2,4,3332.00,05.02.2015,08.05.2015
522,42,6,8651.00,11.03.2015,20.06.2015
523,88,1,5970.00,11.02.2015,28.05.2015
524,12,7,9092.00,18.02.2015,17.03.2015
525,33,7,6471.00,15.01.2015,13.04.2015
526,49,6,6920.00,09.04.2015,20.03.2015
527,84,1,6284.00,04.03.2015,02.02.2015
528,41,5,6667.00,31.03.2015,25.02.2015
529,87,3,9687.00,07.06.2015,03.04.2015
530,64,5,2153.00,15.03.2015,12.01.2015
531,39,1,6815.00,24.06.2015,21.02.2015
532,86,5,9289.00,17.05.2015,04.04.2015
533,4,2,9959.00,28.02.2015,04.01.2015
534,13,4,8553.00,04.06.2015,22.03.2015
535,62,6,7728.00,13.02.2015,08.01.2015
536,16,7,9166.00,11.02.2015,13.02.2015
537,15,1,3847.00,19.06.2015,25.05.2015
538,30,7,1152.00,15.03.2015,21.03.2015
539,79,1,3140.00,10.06.2015,01.06.2015
540,17,5,7360.00,16.05.2015,15.02.2015
541,17,6,4440.00,30.04.2015,01.06.2015
542,23,5,4926.00,12.06.2015,19.05.2015
543,1,3,8394.00,27.03.2015,15.05.2015
544,84,6,5125.00,19.06.2015,04.06.2015
545,44,2,9647.00,27.01.2015,06.06.2015
546,25,3,1151.00,02.03.2015,25.04.2015
547,99,5,3496.00,07.02.2015,24.05.2015
548,99,5,3974.00,10.04.2015,12.02.2015
549,18,1,1984.00,30.06.2015,02.06.2015
550,24,1,6817.00,28.05.2015,01.05.2015
551,28,4,8324.00,24.06.2015,04.04.2015
552,55,7,6609.00,10.01.2015,04.05.2015
553,90,3,3419.00,15.04.2015,19.04.2015
554,12,5,3773.00,30.04.2015,24.01.2015
555,80,5,8195.00,02.02.2015,31.01.2015
556,12,5,1929.00,11.05.2015,31.05.2015
557,69,2,6705.00,10.04.2015,28.01.2015
558,20,3,6490.00,11.04.2015,26.04.2015
559,33,3,5538.00,20.02.2015,05.05.2015
560,51,5,6769.00,23.03.2015,02.01.2015
561,42,6,9329.00,02.02.2015,14.02.2015
562,45,2,2127.00,23.01.2015,15.01.2015
563,92,2,6794.00,05.03.2015,14.04.2015
564,42,1,2099.00,18.04.2015,23.06.2015
565,49,2,2414.00,15.06.2015,27.04.2015
566,83,5,1980.00,03.02.2015,27.03.2015
567,63,1,5209.00,21.06.2015,15.06.2015
568,95,7,2881.00,09.01.2015,05.06.2015
569,26,3,2372.00,17.04.2015,06.02.2015
570,66,3,6511.00,30.03.2015,14.05.2015
571,34,2,4342.00,13.03.2015,02.06.2015
572,62,4,3869.00,22.06.2015,30.01.2015
573,82,5,2302.00,05.02.2015,21.04.2015
574,32,4,3081.00,05.01.2015,06.04.2015
575,85,5,8885.00,04.05.2015,09.03.2015
576,24,5,3239.00,06.03.2015,11.06.2015
577,13,1,4342.00,13.04.2015,19.01.2015
578,75,1,4564.00,08.06.2015,27.03.2015
579,16,1,7998.00,03.02.2015,11.05.2015
580,8,4,3032.00,08.04.2015,28.03.2015
581,68,4,8987.00,08.06.2015,07.06.2015
582,60,5,5465.00,14.05.2015,26.03.2015
583,98,4,5913.00,21.02.2015,11.06.2015
584,63,3,9481.00,26.04.2015,11.04.2015
585,69,7,4841.00,31.01.2015,02.01.2015
586,45,3,1051.00,03.05.2015,29.01.2015
587,34,3,8093.00,12.05.2015,08.05.2015
588,30,3,2193.00,13.06.2015,01.04.2015
589,4,7,8991.00,11.06.2015,07.03.2015
590,2,3,8664.00,22.05.2015,18.03.2015
591,50,2,1781.00,13.01.2015,27.01.2015
592,96,6,1078.00,25.03.2015,07.04.2015
593,32,2,6182.00,27.01.2015,02.03.2015
594,73,2,2099.00,14.02.2015,05.03.2015
595,14,4,4943.00,09.04.2015,10.02.2015
596,50,2,8127.00,03.04.2015,30.03.2015
597,11,6,8114.00,18.04.2015,23.05.2015
598,46,4,5260.00,21.01.2015,01.02.2015
599,68,4,6512.00,01.01.2015,09.03.2015
600,16,5,4407.00,20.06.2015,19.05.2015
601,18,1,2129.00,08.02.2015,13.05.2015
602,31,4,9580.00,26.01.2015,28.02.2015
603,38,3,4356.00,09.06.2015,17.06.2015
604,87,5,5062.00,21.04.2015,20.06.2015
605,26,7,8648.00,24.03.2015,19.02.2015
606,98,1,5373.00,12.06.2015,24.02.2015
607,82,4,9938.00,12.02.2015,30.06.2015
608,87,1,6486.00,13.03.2015,04.05.2015
609,48,2,3198.00,06.02.2015,04.03.2015
610,64,1,5275.00,08.05.2015,10.05.2015
611,4,7,9181.00,01.06.2015,03.04.2015
612,2,7,4192.00,19.06.2015,12.05.2015
613,86,4,5699.00,19.06.2015,26.06.2015
614,22,7,2492.00,16.05.2015,13.03.2015
615,33,6,3344.00,20.02.2015,21.02.2015
616,65,6,5880.00,21.03.2015,26.06.2015
617,53,7,9419.00,15.01.2015,17.02.2015
618,2,5,4273.00,30.01.2015,30.04.2015
619,76,2,6955.00,05.01.2015,14.01.2015
620,61,4,2505.00,10.05.2015,14.01.2015
621,76,4,3704.00,09.05.2015,30.01.2015
622,89,4,5632.00,07.05.2015,24.06.2015
623,84,3,1622.00,04.01.2015,26.02.2015
624,80,7,4889.00,01.02.2015,20.05.2015
625,62,3,8170.00,08.05.2015,02.01.2015
626,87,1,8801.00,23.04.2015,03.04.2015
627,98,1,6875.00,17.04.2015,09.02.2015
628,36,6,6437.00,20.04.2015,29.01.2015
629,41,6,1169.00,13.01.2015,05.06.2015
630,24,4,8825.00,24.05.2015,26.06.2015
631,7,3,3660.00,05.06.2015,11.02.2015
632,60,4,5004.00,30.06.2015,29.06.2015
633,35,7,9620.00,28.04.2015,11.04.2015
634,45,3,5677.00,06.04.2015,24.03.2015
635,70,1,9738.00,13.04.2015,26.03.2015
636,43,1,8649.00,17.02.2015,16.02.2015
637,60,5,3836.00,07.01.2015,09.02.2015
638,94,4,9811.00,11.05.2015,01.04.2015
639,21,7,1954.00,20.02.2015,04.06.2015
640,14,5,5004.00,20.04.2015,30.06.2015
641,14,6,4818.00,02.04.2015,13.02.2015
642,30,2,2622.00,27.05.2015,20.05.2015
643,7,3,1980.00,01.01.2015,20.05.2015
644,27,2,9773.00,03.03.2015,01.06.2015
645,14,2,5407.00,22.01.2015,03.03.2015
646,14,1,2658.00,12.05.2015,10.04.2015
647,7,3,4636.00,07.04.2015,22.06.2015
648,50,6,4165.00,28.01.2015,03.04.2015
649,89,4,8127.00,12.06.2015,22.01.2015
650,67,7,4239.00,08.04.2015,09.02.2015
651,29,7,3342.00,26.06.2015,23.03.2015
652,35,1,6621.00,24.03.2015,17.01.2015
653,96,3,5447.00,08.03.2015,02.01.2015
654,67,3,6437.00,28.03.2015,27.06.2015
655,38,3,6741.00,20.01.2015,17.03.2015
656,2,1,3329.00,26.02.2015,19.03.2015
657,76,4,3619.00,24.01.2015,03.06.2015
658,98,1,6359.00,04.05.2015,19.01.2015
659,69,3,8162.00,06.03.2015,23.03.2015
660,37,1,1491.00,20.05.2015,24.04.2015
661,38,2,3236.00,17.05.2015,11.02.2015
662,74,4,1708.00,30.03.2015,18.03.2015
663,39,3,5170.00,24.03.2015,09.04.2015
664,82,2,1914.00,17.01.2015,12.06.2015
665,58,4,5194.00,30.04.2015,03.04.2015
666,73,1,8495.00,25.05.2015,10.03.2015
667,92,5,4878.00,07.03.2015,12.04.2015
668,4,2,8760.00,11.06.2015,22.01.2015
669,1,4,3335.00,07.01.2015,03.05.2015
670,33,2,4693.00,05.05.2015,09.02.2015
671,39,5,4341.00,10.05.2015,22.06.2015
672,40,6,9640.00,10.04.2015,30.06.2015
673,21,1,4207.00,30.06.2015,21.01.2015
674,13,7,3733.00,17.05.2015,31.03.2015
675,84,4,1674.00,10.05.2015,26.05.2015
676,39,6,8049.00,14.02.2015,29.01.2015
677,63,4,6684.00,17.02.2015,29.01.2015
678,71,5,3827.00,12.06.2015,03.04.2015
679,96,5,5539.00,09.05.2015,11.02.2015
680,39,5,5867.00,28.03.2015,29.05.2015
681,65,2,5888.00,08.01.2015,30.04.2015
682,20,1,2767.00,27.06.2015,13.05.2015
683,16,1,2840.00,06.06.2015,28.03.2015
684,75,4,1109.00,15.01.2015,17.03.2015
685,63,6,9320.00,01.03.2015,09.04.2015
686,42,5,1880.00,12.06.2015,22.06.2015
687,20,3,4065.00,18.05.2015,16.06.2015
688,64,2,6231.00,04.02.2015,24.03.2015
689,47,3,7072.00,17.04.2015,05.05.2015
690,55,1,3311.00,10.04.2015,16.06.2015
691,29,7,9659.00,04.06.2015,02.01.2015
692,13,1,4133.00,14.03.2015,08.03.2015
693,18,6,5772.00,08.03.2015,09.02.2015
694,16,1,4065.00,20.06.2015,29.04.2015
695,21,3,3924.00,27.04.2015,16.05.2015
696,28,3,2267.00,19.03.2015,02.05.2015
697,100,6,3281.00,16.06.2015,05.02.2015
698,31,5,3898.00,10.03.2015,07.05.2015
699,72,4,7193.00,14.04.2015,17.04.2015
700,56,7,2178.00,25.02.2015,12.05.2015
701,96,5,8870.00,10.06.2015,26.03.2015
702,48,6,3854.00,09.03.2015,13.02.2015
703,34,4,3812.00,06.04.2015,10.06.2015
704,45,2,5427.00,04.01.2015,15.01.2015
705,35,4,4596.00,09.03.2015,09.01.2015
706,34,6,2107.00,23.05.2015,02.04.2015
707,1,1,1313.00,28.02.2015,18.05.2015
708,95,6,3902.00,27.03.2015,27.06.2015
709,14,7,1925.00,21.04.2015,21.01.2015
710,7,7,4123.00,17.04.2015,03.04.2015
711,82,1,4549.00,03.03.2015,28.04.2015
712,61,5,1729.00,24.06.2015,31.01.2015
713,6,3,9754.00,08.01.2015,07.04.2015
714,36,7,3778.00,28.02.2015,05.01.2015
715,68,1,3711.00,28.01.2015,02.06.2015
716,34,4,5275.00,31.05.2015,04.02.2015
717,4,2,1805.00,11.03.2015,19.04.2015
718,45,4,6958.00,28.06.2015,30.05.2015
719,10,5,1459.00,31.01.2015,23.03.2015
720,59,5,2359.00,12.04.2015,18.01.2015
721,68,6,4895.00,30.06.2015,09.03.2015
722,28,1,9688.00,31.05.2015,18.04.2015
723,38,1,9901.00,12.01.2015,21.04.2015
724,59,4,7948.00,03.04.2015,27.01.2015
725,48,6,8988.00,23.03.2015,22.05.2015
726,15,2,2660.00,17.04.2015,05.03.2015
727,30,1,6035.00,11.03.2015,02.03.2015
728,10,7,8271.00,08.03.2015,01.03.2015
729,40,6,2873.00,02.02.2015,11.06.2015
730,90,5,3008.00,12.04.2015,30.01.2015
731,67,3,6169.00,04.02.2015,13.03.2015
732,50,1,8502.00,30.06.2015,17.03.2015
733,59,7,3586.00,06.04.2015,05.02.2015
734,60,3,1249.00,09.03.2015,06.02.2015
735,52,4,7791.00,22.03.2015,28.03.2015
736,66,2,2909.00,07.04.2015,04.03.2015
737,92,5,5055.00,29.04.2015,06.01.2015
738,83,6,7047.00,28.04.2015,13.05.2015
739,61,5,2644.00,01.04.2015,29.01.2015
740,45,6,6485.00,16.06.2015,24.02.2015
741,25,2,8734.00,25.01.2015,31.05.2015
742,47,6,3760.00,28.04.2015,24.04.2015
743,55,1,7262.00,27.05.2015,23.06.2015
744,38,1,3711.00,05.06.2015,27.01.2015
745,45,2,8229.00,18.06.2015,18.04.2015
746,66,1,3022.00,19.05.2015,24.04.2015
747,88,7,9355.00,21.05.2015,01.01.2015
748,41,1,2356.00,08.06.2015,07.04.2015
749,42,1,9107.00,27.03.2015,02.06.2015
750,39,7,2078.00,27.02.2015,13.01.2015
751,89,3,2410.00,29.04.2015,13.03.2015
752,42,5,2841.00,21.01.2015,05.05.2015
753,35,5,7631.00,01.04.2015,17.05.2015
754,80,7,7810.00,28.01.2015,01.02.2015
755,74,2,2345.00,25.05.2015,04.06.2015
756,52,1,3386.00,11.03.2015,11.06.2015
757,45,2,1498.00,09.03.2015,30.01.2015
758,84,2,3536.00,28.01.2015,17.04.2015
759,17,1,5247.00,04.04.2015,11.04.2015
760,29,5,2193.00,25.06.2015,09.02.2015
761,74,1,2015.00,15.04.2015,29.06.2015
762,50,4,1757.00,04.04.2015,24.03.2015
763,7,6,8664.00,23.01.2015,17.03.2015
764,77,7,8621.00,13.06.2015,18.03.2015
765,48,2,7744.00,19.05.2015,09.02.2015
766,57,4,7054.00,01.02.2015,05.03.2015
767,36,3,2892.00,28.05.2015,08.04.2015
768,98,7,2232.00,10.01.2015,16.01.2015
769,23,7,6839.00,14.06.2015,16.03.2015
770,23,5,6210.00,02.03.2015,20.01.2015
771,99,1,1666.00,17.01.2015,01.06.2015
772,39,2,7332.00,25.06.2015,22.06.2015
773,34,5,3590.00,04.01.2015,03.01.2015
774,92,4,3447.00,17.05.2015,31.01.2015
775,72,5,1670.00,11.05.2015,22.05.2015
776,23,7,3905.00,20.06.2015,12.06.2015
777,66,6,5472.00,18.01.2015,08.01.2015
778,100,1,7731.00,16.05.2015,15.04.2015
779,87,6,7892.00,26.05.2015,06.04.2015
780,49,4,3299.00,19.02.2015,11.03.2015
781,39,3,3133.00,21.06.2015,24.06.2015
782,17,2,6831.00,30.05.2015,29.04.2015
783,86,6,1201.00,30.06.2015,29.06.2015
784,84,1,5558.00,12.06.2015,13.04.2015
785,31,7,8943.00,17.04.2015,13.02.2015
786,46,3,6899.00,31.05.2015,05.04.2015
787,93,1,1892.00,13.01.2015,25.01.2015
788,61,2,7017.00,31.05.2015,17.06.2015
789,40,6,1275.00,20.03.2015,22.05.2015
790,55,1,3184.00,10.06.2015,09.05.2015
791,8,5,1678.00,30.06.2015,27.06.2015
792,36,7,8662.00,18.01.2015,01.06.2015
793,26,2,6860.00,28.06.2015,20.03.2015
794,92,6,5775.00,01.06.2015,03.02.2015
795,78,4,2919.00,29.01.2015,09.03.2015
796,75,1,2931.00,05.05.2015,09.04.2015
797,85,6,6754.00,12.01.2015,21.05.2015
798,67,7,2943.00,02.01.2015,15.06.2015
799,58,1,3006.00,30.01.2015,28.06.2015
800,4,1,5446.00,12.04.2015,13.02.2015
801,43,7,5352.00,24.01.2015,13.04.2015
802,29,5,6856.00,26.04.2015,04.01.2015
803,84,2,7425.00,11.05.2015,26.05.2015
804,41,6,2749.00,20.03.2015,22.02.2015
805,61,4,5499.00,09.05.2015,17.01.2015
806,57,7,1381.00,03.04.2015,18.04.2015
807,92,2,5393.00,03.05.2015,11.01.2015
808,79,6,1848.00,02.01.2015,09.04.2015
809,80,2,7853.00,15.06.2015,22.02.2015
810,58,4,6886.00,09.04.2015,05.03.2015
811,66,1,4815.00,20.06.2015,28.01.2015
812,65,2,9490.00,24.03.2015,14.01.2015
813,5,4,3119.00,04.05.2015,22.06.2015
814,83,3,9433.00,21.02.2015,10.01.2015
815,20,3,9801.00,15.04.2015,05.06.2015
816,86,7,7383.00,14.01.2015,02.05.2015
817,73,4,8378.00,07.06.2015,04.02.2015
818,22,4,9488.00,11.06.2015,20.04.2015
819,40,1,2981.00,14.06.2015,10.02.2015
820,12,1,6554.00,04.06.2015,17.03.2015
821,95,6,8407.00,20.06.2015,13.01.2015
822,12,6,1903.00,17.05.2015,07.05.2015
823,22,3,7021.00,06.04.2015,02.03.2015
824,28,5,1778.00,25.02.2015,18.03.2015
825,65,1,7336.00,04.04.2015,20.01.2015
826,26,1,2620.00,26.06.2015,11.01.2015
827,69,3,8460.00,01.06.2015,11.03.2015
828,97,4,5996.00,08.02.2015,04.04.2015
829,70,5,7273.00,28.01.2015,17.05.2015
830,38,2,1821.00,26.04.2015,07.03.2015
831,87,3,1435.00,20.04.2015,02.03.2015
832,56,1,9863.00,11.01.2015,31.05.2015
833,59,7,6125.00,21.05.2015,17.04.2015
834,59,4,7053.00,21.02.2015,05.01.2015
835,68,5,2652.00,05.02.2015,01.02.2015
836,9,2,9086.00,09.04.2015,01.01.2015
837,8,3,8453.00,01.03.2015,13.02.2015
838,1,1,8253.00,12.06.2015,16.05.2015
839,53,2,8796.00,14.03.2015,29.03.2015
840,2,4,7805.00,30.04.2015,02.05.2015
841,89,7,9918.00,30.06.2015,08.02.2015
842,13,6,7387.00,25.03.2015,14.06.2015
843,15,1,8469.00,24.05.2015,15.02.2015
844,64,6,8310.00,02.06.2015,19.01.2015
845,43,1,3392.00,21.05.2015,04.02.2015
846,69,1,9731.00,28.05.2015,25.02.2015
847,95,6,4205.00,17.01.2015,01.02.2015
848,7,3,6135.00,21.02.2015,31.03.2015
849,55,1,6952.00,01.05.2015,12.01.2015
850,69,5,6089.00,22.02.2015,07.02.2015
851,13,5,4408.00,31.01.2015,01.04.2015
852,34,4,4882.00,02.06.2015,18.06.2015
853,96,4,1202.00,16.06.2015,13.05.2015
854,85,5,7863.00,01.01.2015,21.06.2015
855,16,4,2899.00,31.03.2015,20.02.2015
856,33,2,3127.00,14.02.2015,02.04.2015
857,76,6,4898.00,28.06.2015,17.05.2015
858,25,4,6088.00,22.04.2015,17.02.2015
859,86,1,7440.00,06.01.2015,02.03.2015
860,76,1,6071.00,14.01.2015,12.04.2015
861,39,3,6643.00,19.01.2015,02.04.2015
862,24,4,4213.00,06.04.2015,23.03.2015
863,73,3,8179.00,05.05.2015,05.03.2015
864,95,2,9528.00,06.02.2015,12.03.2015
865,20,1,2602.00,11.05.2015,28.06.2015
866,63,4,9114.00,07.06.2015,15.02.2015
867,81,2,7818.00,27.06.2015,11.05.2015
868,11,3,5634.00,15.01.2015,03.02.2015
869,58,5,6058.00,01.01.2015,08.03.2015
870,89,2,8453.00,17.05.2015,25.03.2015
871,66,6,5932.00,21.05.2015,25.05.2015
872,50,1,2565.00,11.03.2015,24.01.2015
873,87,7,3828.00,02.02.2015,08.06.2015
874,96,6,6213.00,19.06.2015,29.01.2015
875,29,1,3192.00,19.04.2015,17.06.2015
876,81,6,2106.00,02.02.2015,06.05.2015
877,57,2,3931.00,14.02.2015,24.05.2015
878,20,2,4545.00,26.01.2015,01.02.2015
879,76,6,4247.00,24.06.2015,25.04.2015
880,29,6,9362.00,02.04.2015,12.02.2015
881,24,6,3218.00,01.05.2015,03.04.2015
882,46,6,4565.00,16.03.2015,01.01.2015
883,78,1,4913.00,19.01.2015,22.04.2015
884,60,7,6231.00,13.03.2015,29.06.2015
885,19,6,5651.00,16.06.2015,18.05.2015
886,28,6,5129.00,17.05.2015,04.04.2015
887,10,6,9656.00,27.06.2015,04.02.2015
888,10,2,9678.00,23.05.2015,05.03.2015
889,25,4,6976.00,23.05.2015,26.03.2015
890,1,3,1205.00,11.05.2015,15.02.2015
891,19,2,2741.00,11.01.2015,05.06.2015
892,59,4,2861.00,04.05.2015,16.01.2015
893,100,5,6229.00,10.01.2015,31.05.2015
894,40,4,8788.00,24.02.2015,26.05.2015
895,88,7,2450.00,27.05.2015,07.01.2015
896,50,6,8793.00,23.03.2015,28.03.2015
897,56,6,5519.00,27.05.2015,04.05.2015
898,45,5,8874.00,14.02.2015,25.05.2015
899,49,6,8310.00,11.04.2015,03.03.2015
900,38,7,9479.00,16.04.2015,21.02.2015
901,68,7,9255.00,31.05.2015,02.06.2015
902,8,4,7756.00,29.01.2015,03.06.2015
903,5,2,8582.00,14.03.2015,23.02.2015
904,52,2,8197.00,22.05.2015,21.04.2015
905,94,1,1291.00,06.04.2015,04.04.2015
906,59,1,4928.00,21.03.2015,13.06.2015
907,52,3,4424.00,28.03.2015,29.05.2015
908,32,1,6439.00,09.03.2015,28.01.2015
909,45,5,5769.00,01.03.2015,19.02.2015
910,48,1,3120.00,05.02.2015,16.02.2015
911,38,2,5708.00,23.01.2015,22.04.2015
912,10,7,6474.00,09.05.2015,19.02.2015
913,65,5,5690.00,19.06.2015,23.03.2015
914,36,6,6663.00,22.01.2015,05.01.2015
915,33,7,8650.00,02.01.2015,07.01.2015
916,64,2,2849.00,19.05.2015,21.04.2015
917,37,1,9766.00,07.05.2015,21.02.2015
918,21,1,5924.00,14.06.2015,28.02.2015
919,69,5,6453.00,09.03.2015,15.04.2015
920,32,3,6855.00,09.04.2015,03.01.2015
921,89,5,3921.00,26.06.2015,17.06.2015
922,93,4,8887.00,18.04.2015,01.06.2015
923,41,1,5693.00,17.02.2015,11.05.2015
924,41,6,5734.00,26.03.2015,17.04.2015
925,6,1,2094.00,12.01.2015,23.01.2015
926,63,7,2080.00,05.06.2015,25.02.2015
927,47,7,6214.00,05.02.2015,16.06.2015
928,99,7,4225.00,18.03.2015,16.06.2015
929,32,2,1670.00,18.05.2015,11.04.2015
930,75,2,2549.00,29.01.2015,09.03.2015
931,95,7,4307.00,02.02.2015,30.06.2015
932,53,1,2910.00,03.06.2015,28.06.2015
933,84,3,2078.00,05.03.2015,07.03.2015
934,41,5,1338.00,25.01.2015,14.05.2015
935,64,2,1871.00,01.03.2015,09.03.2015
936,94,2,4682.00,17.06.2015,09.01.2015
937,19,5,2949.00,17.04.2015,04.02.2015
938,3,2,2903.00,24.01.2015,27.06.2015
939,36,7,6281.00,27.01.2015,14.04.2015
940,84,2,4833.00,23.05.2015,15.05.2015
941,18,2,7076.00,07.02.2015,20.02.2015
942,74,7,5542.00,21.06.2015,14.05.2015
943,49,5,1402.00,07.03.2015,09.06.2015
944,48,1,5047.00,05.03.2015,13.06.2015
945,83,5,8282.00,08.06.2015,07.03.2015
946,12,7,9486.00,20.05.2015,19.05.2015
947,11,4,7839.00,26.03.2015,25.03.2015
948,26,3,5579.00,01.06.2015,19.01.2015
949,9,4,2556.00,22.06.2015,22.01.2015
950,41,3,6115.00,04.02.2015,03.04.2015
951,72,2,8376.00,27.04.2015,15.05.2015
952,14,2,3260.00,02.05.2015,02.06.2015
953,54,4,2240.00,07.06.2015,08.04.2015
954,80,3,7848.00,03.03.2015,12.04.2015
955,56,1,9173.00,10.03.2015,07.02.2015
956,57,1,8521.00,10.06.2015,13.02.2015
957,59,4,5490.00,20.03.2015,09.03.2015
958,71,3,6361.00,06.06.2015,24.01.2015
959,43,7,3917.00,10.06.2015,29.03.2015
960,22,2,7268.00,10.04.2015,23.03.2015
961,59,7,4327.00,01.01.2015,04.04.2015
962,46,2,1140.00,12.05.2015,09.04.2015
963,44,2,9800.00,27.05.2015,07.01.2015
964,50,2,3331.00,16.05.2015,28.04.2015
965,67,7,8236.00,21.05.2015,20.02.2015
966,25,5,4696.00,10.04.2015,11.06.2015
967,20,5,4743.00,20.04.2015,16.04.2015
968,51,5,6286.00,06.05.2015,16.04.2015
969,35,3,8618.00,09.02.2015,23.03.2015
970,25,4,9552.00,04.02.2015,01.05.2015
971,90,3,2070.00,20.01.2015,05.01.2015
972,31,1,2496.00,08.03.2015,02.04.2015
973,70,3,8744.00,07.05.2015,06.06.2015
974,45,3,8898.00,21.02.2015,01.06.2015
975,43,3,5104.00,03.02.2015,30.06.2015
976,74,6,6745.00,21.01.2015,05.04.2015
977,85,2,3460.00,22.02.2015,25.02.2015
978,93,2,6527.00,17.04.2015,04.06.2015
979,35,6,8420.00,24.02.2015,20.04.2015
980,87,7,7006.00,30.01.2015,09.06.2015
981,47,2,6909.00,13.04.2015,12.03.2015
982,83,3,7364.00,13.06.2015,07.05.2015
983,81,4,2932.00,03.03.2015,31.03.2015
984,32,1,3534.00,24.05.2015,04.03.2015
985,85,7,1877.00,22.06.2015,20.04.2015
986,36,4,7997.00,06.03.2015,07.04.2015
987,27,5,6973.00,14.04.2015,07.02.2015
988,64,1,3093.00,22.06.2015,05.04.2015
989,6,5,6755.00,05.04.2015,13.06.2015
990,93,5,2879.00,24.01.2015,15.04.2015
991,71,2,9661.00,30.01.2015,06.02.2015
992,64,1,3763.00,01.05.2015,16.04.2015
993,31,7,7823.00,21.06.2015,21.06.2015
994,61,7,5250.00,21.03.2015,14.05.2015
995,44,4,6642.00,15.05.2015,12.04.2015
996,93,3,1107.00,23.02.2015,14.05.2015
997,7,3,4497.00,26.05.2015,04.06.2015
998,10,7,9977.00,23.04.2015,25.01.2015
999,39,1,1193.00,28.04.2015,18.05.2015
1000,36,4,9059.00,10.05.2015,28.06.2015
